date,stock_code,close,volume,book_value,market_cap,earnings
2023-01-01,000001.SZ,10.099342830602247,9867,2789649467.2938185,9084609897.790535,431673709.351385
2023-01-02,000001.SZ,10.071415259027019,6988,3130469065.8200927,5275860148.212001,877922424.8556733
2023-01-03,000001.SZ,10.201878063541503,3504,1969882014.5389185,18714482098.407486,525888916.02240145
2023-01-04,000001.SZ,10.512633361185657,3967,2076972923.7975237,6766266243.352118,971374085.1232495
2023-01-05,000001.SZ,10.463401989610643,3786,2509136652.4184904,13647747132.713804,266972964.13280904
2023-01-06,000001.SZ,10.414404607586974,2122,1080284791.1109054,9110828310.30809,881760851.1600497
2023-01-07,000001.SZ,10.743335832030585,5079,2288316662.332713,13312670037.7369,798937167.5125675
2023-01-08,000001.SZ,10.908232012519647,2571,1845792027.9861786,14771305825.277964,793829660.1796468
2023-01-09,000001.SZ,10.805809302005374,6073,2309989408.7116585,17446127055.608025,860304905.3051989
2023-01-10,000001.SZ,10.923065309322926,6104,1479048527.2770047,8096319076.409048,784921591.848699
2023-01-11,000001.SZ,10.8218264748412,3143,4562109122.959579,5164937429.877207,663598289.4682739
2023-01-12,000001.SZ,10.721025543295044,7806,3374369814.2161946,7053284451.032109,218120389.9141488
2023-01-13,000001.SZ,10.772907217174506,8357,3716409276.5779586,18500279627.721577,129273561.54212673
2023-01-14,000001.SZ,10.360675406051476,4440,4156684954.429353,18108351163.43773,928763063.0341182
2023-01-15,000001.SZ,10.003249130755927,4766,2993768795.7162294,13961196532.554625,654985283.0686642
2023-01-16,000001.SZ,9.890755085993634,6644,1347681152.3496947,14007752906.5048,816883561.8785586
2023-01-17,000001.SZ,9.690401794899627,3914,3148426167.274191,14975550118.193832,533370116.36129504
2023-01-18,000001.SZ,9.7513054532161,5968,3347364472.0835166,7630569179.351744,205577370.06615502
2023-01-19,000001.SZ,9.57421705083047,6917,3981757896.73732,18716179188.874397,212667212.9822954
2023-01-20,000001.SZ,9.303783007264963,9787,2726638184.9187174,11281557873.381096,717008758.5060742
2023-01-21,000001.SZ,9.576504569483188,1728,1510321211.182255,10747077923.742462,487275305.4095164
2023-01-22,000001.SZ,9.53326161401738,2365,2135103623.194898,12783765579.242563,280472254.03030306
2023-01-23,000001.SZ,9.54613689484968,5492,2452329185.5945406,5704489501.625826,542435092.0672932
2023-01-24,000001.SZ,9.274120070324031,1698,3583668965.326405,7494250531.341191,157788043.36762068
2023-01-25,000001.SZ,9.173146655294897,8186,3283113218.6756477,16070504246.395557,623774261.7229589
2023-01-26,000001.SZ,9.19349683895077,1395,2424386903.591385,6241980018.876897,342094063.9915879
2023-01-27,000001.SZ,8.981863722637078,8400,4946060995.171919,14047281641.995823,817803190.5734693
2023-01-28,000001.SZ,9.04935309066999,9082,3423099277.4275484,8680236645.219814,379325763.0312164
2023-01-29,000001.SZ,8.940645258970136,5171,1948907166.9439778,10839434210.629648,509698134.17362106
2023-01-30,000001.SZ,8.888486652146927,5360,1407129890.481615,9330406051.560497,110458485.91729057
2023-01-31,000001.SZ,8.781521428320737,3502,1611436556.737328,10335090746.974237,165202199.01510298
2023-02-01,000001.SZ,9.106837839690261,1717,1983830913.5380325,15785688577.763683,453244200.76601636
2023-02-02,000001.SZ,9.104379498950777,3782,1642725493.0382228,9456825734.347626,531944951.24541116
2023-02-03,000001.SZ,8.911783465002731,5946,1746268096.205223,13496069604.453457,640018493.3073734
2023-02-04,000001.SZ,9.058390307940797,6486,2140380674.7753885,12140756032.986496,362496320.83837295
2023-02-05,000001.SZ,8.837212742212625,9335,1693494381.1790195,14955067480.439722,725483697.5138882
2023-02-06,000001.SZ,8.874128182675832,5980,4587061698.505701,19052446089.87137,874110157.4702841
2023-02-07,000001.SZ,8.526320905174446,8266,1320934982.6465688,15988581458.153755,801865890.0040148
2023-02-08,000001.SZ,8.29983009568077,5491,3098045558.2810187,8224105678.861351,135656942.81352144
2023-02-09,000001.SZ,8.332508391883561,8192,2641587307.958646,5467747025.9192705,532456252.532046
2023-02-10,000001.SZ,8.455573971382307,6588,4929514467.634426,8933960664.497375,194437160.57635736
2023-02-11,000001.SZ,8.484554314941315,8651,1448155608.6722093,13926168960.503822,317840514.2762747
2023-02-12,000001.SZ,8.46492983227426,4636,2591422396.182966,5771387202.263755,987996333.9404318
2023-02-13,000001.SZ,8.413953399166225,2167,4877881733.101475,12445493708.018545,228245988.61136192
2023-02-14,000001.SZ,8.165149096634345,2062,4462028503.575921,13952642733.753338,548999338.1062205
2023-02-15,000001.SZ,8.047596390876514,3156,4268288283.7971196,10013658362.254414,656340160.8863072
2023-02-16,000001.SZ,7.973455692663038,8860,2031611308.1797593,16563683056.187328,732218473.4896935
2023-02-17,000001.SZ,8.142034037312756,6161,1683550349.5602632,6598973797.006577,603683815.1382227
2023-02-18,000001.SZ,8.197989073502947,6305,3674572879.697724,6127066726.037131,108793762.67726529
2023-02-19,000001.SZ,7.908921394906736,7541,4717503956.510344,15922831343.05405,393815177.4195927
2023-02-20,000001.SZ,7.960184487692592,5729,3227051572.055719,12432369743.092976,565940479.0462403
2023-02-21,000001.SZ,7.898877967791487,8330,3286450757.8795996,15326035946.41604,179079849.23035002
2023-02-22,000001.SZ,7.7919394823088854,6334,2119916374.6411366,11522410079.056194,415564238.0882627
2023-02-23,000001.SZ,7.887262374817111,9924,4077971732.7677474,8696030498.586601,129882797.91222991
2023-02-24,000001.SZ,8.049897649661844,5330,1748174994.2300935,17286534765.112995,170720647.4395187
2023-02-25,000001.SZ,8.199831842502851,9010,2294716945.616975,16991238184.534689,457230948.58143646
2023-02-26,000001.SZ,8.062202991108702,7801,2701745754.465667,15420447062.8164,219444178.6387543
2023-02-27,000001.SZ,8.012344332279191,5846,3030441514.73782,9082177058.44944,610786763.4354024
2023-02-28,000001.SZ,8.065428265821145,7731,1969638929.660321,13853460003.036306,720518472.2235391
2023-03-01,000001.SZ,8.222792050678681,8241,1459347298.9568143,10414608454.100403,820528029.1981746
2023-03-02,000001.SZ,8.143989048401794,1953,3442480169.7665305,6373731099.899512,280135219.82032907
2023-03-03,000001.SZ,8.113748954948042,3539,2154522212.9610233,18759703631.93364,250734324.03316277
2023-03-04,000001.SZ,7.9342184701647644,8056,3324952885.690449,7052279463.784421,194111056.30096024
2023-03-05,000001.SZ,7.744399176346478,2542,1617450861.0968094,19253560307.312035,672787224.589273
2023-03-06,000001.SZ,7.870249662540675,6293,2924560407.41927,11690086594.369335,735828153.838211
2023-03-07,000001.SZ,8.083728615084349,2191,3130357730.2063437,7776993932.579294,128427530.34307784
2023-03-08,000001.SZ,8.072086409476455,7313,1207294147.2897077,13128514210.675373,942591021.6193209
2023-03-09,000001.SZ,8.234098494807188,7938,2346417112.7756824,18094187538.146126,146774155.28632516
2023-03-10,000001.SZ,8.293653427797445,3681,1537658707.755897,15983373296.143417,587166701.7709634
2023-03-11,000001.SZ,8.186645434515032,2540,1253499881.891071,17098417217.921745,738154467.5058248
2023-03-12,000001.SZ,8.245817788192817,7172,4959840929.559781,14881750500.66076,883872211.371477
2023-03-13,000001.SZ,8.49946517376594,6541,2289415379.898892,15384148467.767788,742678238.919185
2023-03-14,000001.SZ,8.49337513033136,2365,4239497783.4185395,17737934773.47979,821555274.7628126
2023-03-15,000001.SZ,8.759157240613787,9691,2018562619.0550554,8745020132.887789,405505173.28852546
2023-03-16,000001.SZ,8.300222054672783,9702,3726010888.895717,12341374454.647106,833342602.371861
2023-03-17,000001.SZ,8.436661520544904,8494,4040911439.5587463,8318141627.294033,172103361.74620762
2023-03-18,000001.SZ,8.451349253566528,5312,3382554962.431377,19815020119.949707,905334990.4544748
2023-03-19,000001.SZ,8.400808942603115,2324,2886304754.2006335,19160890095.2992,592833138.5383626
2023-03-20,000001.SZ,8.416226237645109,4141,2647363656.589074,5591402170.527589,835567992.9662443
2023-03-21,000001.SZ,8.081669644681272,8419,2395473066.171981,15583627587.735327,507086456.06647015
2023-03-22,000001.SZ,8.046163332126747,4486,4718116576.991303,18878724761.234985,679219925.6768725
2023-03-23,000001.SZ,8.103631053693531,2810,4322477631.150917,7708630176.910004,573762394.8425019
2023-03-24,000001.SZ,8.343157215194253,7588,4860107642.66605,13519178458.289442,758430569.5797987
2023-03-25,000001.SZ,8.256677016974052,3923,1497188893.942179,18732324463.820625,173466983.82753062
2023-03-26,000001.SZ,8.123167605986477,6301,3923469900.814577,5509189678.786983,154316875.59150743
2023-03-27,000001.SZ,8.041650474736048,5186,4753361827.284151,15461304008.702599,322392910.6091318
2023-03-28,000001.SZ,8.188877352223914,9905,1724932264.6626406,9460235110.58826,243590212.1018695
2023-03-29,000001.SZ,8.242719402552126,6977,1265985069.46711,18865942930.647957,884605209.9329815
2023-03-30,000001.SZ,8.155386108346317,5268,3964482597.1602364,19565873677.480515,297292588.6222399
2023-03-31,000001.SZ,8.239103990223901,5748,3297892452.7196474,19163997336.701508,978278730.2372181
2023-04-01,000001.SZ,8.255100630707794,5849,4367315107.033089,12113213249.861958,403206212.59399617
2023-04-02,000001.SZ,8.415025868153393,4709,1559089506.505158,17930639764.8397,263906124.11982936
2023-04-03,000001.SZ,8.296869969237493,7619,4181069247.439561,17668240978.026054,810728656.4282312
2023-04-04,000001.SZ,8.242498564754234,9647,1806509280.190978,9786507098.648834,692836997.9507885
2023-04-05,000001.SZ,8.177859546965829,4072,1654623771.4628181,17433732112.260162,548376144.8078251
2023-04-06,000001.SZ,7.93849115315164,7530,1657063191.7239718,5555114520.732389,599827195.8438681
2023-04-07,000001.SZ,7.985506117146558,1504,4258298880.9255285,13944048177.230795,747281600.4450375
2023-04-08,000001.SZ,8.027199286604676,2214,3660788882.7848005,8450132559.315546,305609267.1981689
2023-04-09,000001.SZ,8.028020221314923,2531,3092261699.076477,6808503286.659182,996700524.4510677
2023-04-10,000001.SZ,7.990354816307004,8576,2435321936.49401,6154298024.438137,977313845.9321048
2023-04-11,000001.SZ,7.764168527794952,1823,4508802163.252434,15444331638.172096,685293117.7122432
2023-04-12,000001.SZ,7.698849304267373,1928,2569780429.6905413,10098124456.520992,279588205.83623064
2023-04-13,000001.SZ,7.646079155924884,6029,4266397757.886308,15871501572.931421,712205418.1881622
2023-04-14,000001.SZ,7.5233936458155295,1133,2756539634.280874,5980345111.984136,164978568.08125827
2023-04-15,000001.SZ,7.499125327849352,3105,2507777717.6996303,9729355067.459156,127587251.98522545
2023-04-16,000001.SZ,7.559725888130895,4627,2850719142.678426,13092369385.630058,331914599.66009235
2023-04-17,000001.SZ,7.84490685587507,7316,2205511496.6565685,16860847472.584454,516360661.0653847
2023-04-18,000001.SZ,7.8722977894904345,2852,3990437520.7050047,9781287543.981049,881445254.8675425
2023-04-19,000001.SZ,7.912848056921819,5910,3010881560.369917,14388370646.555136,754452162.7896773
2023-04-20,000001.SZ,7.901066472523497,5175,1928850780.5872693,18289666223.54281,768435869.0799829
2023-04-21,000001.SZ,7.597859694170649,6348,4598298293.098274,14237947822.734568,482944001.0032678
2023-04-22,000001.SZ,7.593830720058411,7190,2535564885.4928455,8494392121.304506,411341493.2922666
2023-04-23,000001.SZ,7.602978280428926,2256,3174211444.4559546,5366011723.34807,433934886.68614244
2023-04-24,000001.SZ,7.9775378060421955,4376,4625888443.858188,18051483108.513947,988884607.362452
2023-04-25,000001.SZ,7.9468464686632325,6645,3496951983.655968,5319041162.755807,136098272.27123424
2023-04-26,000001.SZ,7.994773477314404,4486,1467592162.8334563,18120525090.262993,880328346.5102037
2023-04-27,000001.SZ,7.989223222598602,4584,4759328494.4539,12934057010.40818,620807867.715154
2023-04-28,000001.SZ,7.802486628240784,9053,3510832212.285671,19086015477.693443,494753877.27063143
2023-04-29,000001.SZ,7.980823822814822,4330,2339622458.6283445,16981748536.60498,752731894.3736229
2023-04-30,000001.SZ,8.100844724023382,3703,1557088290.6535492,19969011658.00006,538002047.2822325
2023-05-01,000001.SZ,8.229005263518133,9662,4176100757.081184,10260677231.775652,886080914.2734945
2023-05-02,000001.SZ,8.079338180476467,9120,3480291023.714054,16507824333.966904,910631677.6101327
2023-05-03,000001.SZ,8.306011173190491,8114,3133844367.905286,11028963704.138634,479548834.1861099
2023-05-04,000001.SZ,8.073135361376458,2353,4575570332.203831,12198134304.558632,349145017.51154643
2023-05-05,000001.SZ,8.16789089649713,6063,4154388844.898123,14412581948.27555,633115295.734026
2023-05-06,000001.SZ,8.525718947801815,9549,1606699518.9310048,18105156712.795082,921127011.0550219
2023-05-07,000001.SZ,8.356818261488762,8575,2246888271.182193,19761252037.989426,289595970.1050999
2023-05-08,000001.SZ,8.262169317325082,1667,1993956559.257863,16524101207.967773,660669925.2071345
2023-05-09,000001.SZ,8.278636046346215,5468,3975785170.290708,11266501732.510006,668404198.0832685
2023-05-10,000001.SZ,8.195274212373732,7819,1134129738.9431176,11320355034.156052,759801720.1737529
2023-05-11,000001.SZ,7.9411119717999865,4719,3279558739.485266,16063734523.833372,218410916.61453384
2023-05-12,000001.SZ,7.9520012970010745,3745,4049834742.9627624,8581657186.524535,744242468.2138797
2023-05-13,000001.SZ,7.783052486813894,8483,4507062547.046998,6657111696.97092,918129268.5990769
2023-05-14,000001.SZ,7.856772381713722,1539,2368326994.86363,10319332364.611649,261714797.98321778
2023-05-15,000001.SZ,7.7122982431015945,5964,4285029218.688051,9308584874.811226,313788992.4314899
2023-05-16,000001.SZ,7.9513693708763835,5835,1442526947.820829,9444621806.839851,974255584.6374756
2023-05-17,000001.SZ,7.8268106461099745,4775,4385809166.938072,8504116265.74865,262879257.4385408
2023-05-18,000001.SZ,7.776396356035157,7042,1509954649.3279297,5631397844.545428,868946584.0326213
2023-05-19,000001.SZ,7.902921002529665,8102,2589149162.2414694,5268109021.001207,543050070.8032312
2023-05-20,000001.SZ,7.70837253337746,8312,4189181463.1182146,19815835846.040474,322507966.96285933
2023-05-21,000001.SZ,7.743439451624385,6320,1599669709.395095,11416597006.037935,883674911.1452602
2023-05-22,000001.SZ,7.945875067072697,7132,1917005580.9305658,10764899707.395226,500774729.50239897
2023-05-23,000001.SZ,7.690417847987947,8891,3889010273.572265,15194709240.396048,563335618.5367212
2023-05-24,000001.SZ,7.718816078407941,3779,3880146146.1842976,8273808317.975963,423310032.4597891
2023-05-25,000001.SZ,7.758935828222867,1924,3564590531.541189,19249417759.25338,633655766.2914348
2023-05-26,000001.SZ,7.880258098046009,2581,3775793777.8684,16795175216.23328,247171485.3265205
2023-05-27,000001.SZ,7.685308280920394,8714,3170897773.3903847,6341165034.683893,451973382.98658466
2023-05-28,000001.SZ,7.48234595805774,4324,2007196235.627811,11263711636.773926,972471090.1017587
2023-05-29,000001.SZ,7.56045290533446,6713,2382783974.0156775,18186774613.432472,332320089.4310148
2023-05-30,000001.SZ,7.605359678046173,8026,1726390867.2057028,19170980334.371155,691062998.087163
2023-05-31,000001.SZ,7.64346144251936,1255,4633802245.334513,12011022668.748047,392671057.8022254
2023-06-01,000001.SZ,7.696422713141761,5804,3333567179.0644817,14201170838.160616,796125813.1179405
2023-06-02,000001.SZ,7.5917475588886685,2838,2603405667.0545597,7505509191.381128,217786294.64651483
2023-06-03,000001.SZ,7.627011787657967,1009,2848023214.5765305,19867529392.05465,972838940.5706903
2023-06-04,000001.SZ,7.67171713182771,3871,4789133358.447262,8475075520.751651,508410587.2452753
2023-06-05,000001.SZ,7.562111091591345,9989,1613405612.4643207,19140976612.026886,312445417.0118176
2023-06-06,000001.SZ,7.844294974094068,8409,3344919328.0671887,14744699734.885527,166147072.5970114
2023-06-07,000001.SZ,7.918632678095441,8418,3023554715.5378637,14116051923.182886,252782114.57878667
2023-06-08,000001.SZ,7.729962782045875,6124,3445816941.738591,12690327665.24763,567796553.7004158
2023-06-09,000001.SZ,7.8314654812290225,2015,1072440735.283362,8460047175.76638,403302858.78815764
2023-06-10,000001.SZ,7.678801764117584,3193,4488495635.776606,7647920480.082624,845995029.2943485
2023-06-11,000001.SZ,7.79967909699213,9415,4728473129.93445,8307293136.05263,487798771.2956253
2023-06-12,000001.SZ,7.980412571381161,8449,3260532734.356836,7796573932.163818,323842845.3288669
2023-06-13,000001.SZ,7.849424901571477,5158,3786603295.507569,16693767103.501299,655430487.943627
2023-06-14,000001.SZ,8.000663873140875,4925,4689997524.709183,10251878887.500952,736099495.1969012
2023-06-15,000001.SZ,8.066714302134123,7970,3828954537.2535944,5867640148.450946,250337717.11085486
2023-06-16,000001.SZ,8.199340791130968,7938,1610156171.6570454,19536539452.112167,250857294.6594859
2023-06-17,000001.SZ,8.510389832631077,5784,3305153440.6672525,18256788274.451385,133004284.24018867
2023-06-18,000001.SZ,8.468622862081492,5000,3426860185.5314236,18916284247.928192,762761813.5590764
2023-06-19,000001.SZ,8.340960715812383,2633,2696522685.209544,19923617339.69653,697424074.8596246
2023-06-20,000001.SZ,8.19257261753929,8266,3945776942.4988914,7608428738.292309,527167788.1748325
2023-06-21,000001.SZ,8.058900917504992,9702,4737468059.076059,10943630283.539883,859753404.0722774
2023-06-22,000001.SZ,8.046473816770222,1384,4702274051.627106,16373577135.561369,825103137.6550479
2023-06-23,000001.SZ,8.101375225428253,1404,2803357485.6165285,15440309270.806883,626818927.9570769
2023-06-24,000001.SZ,8.146206745164177,9175,1452952183.363021,7308438595.097826,881444152.4619328
2023-06-25,000001.SZ,8.280974860419857,3000,4939364795.849339,17237496874.85927,285257089.0330914
2023-06-26,000001.SZ,8.283128227215434,6989,4355592345.783736,8366608577.54991,200727657.4579551
2023-06-27,000001.SZ,8.52392441008986,2460,1498650724.8130674,8357264222.339346,342774650.36529064
2023-06-28,000001.SZ,8.478806113267176,8190,4683367530.469489,13054616343.401203,151378170.48038337
2023-06-29,000001.SZ,8.940081852443194,8140,4479585448.248513,13894099022.625547,578052575.2009288
2023-06-30,000001.SZ,9.051952198471598,4636,3075352228.5042887,13701293117.567167,942945123.0654653
2023-07-01,000001.SZ,8.896773213926819,5809,3365101742.979717,6372302560.966323,135409186.60165867
2023-07-02,000001.SZ,8.706223460091914,5178,2596010815.480521,18161912939.455704,209898922.6090241
2023-07-03,000001.SZ,8.790233713300662,8245,1219046555.2881253,8984000638.830591,506979125.4550918
2023-07-04,000001.SZ,8.750947911115874,7600,2340788966.583604,6942723819.242063,940487515.7751144
2023-07-05,000001.SZ,8.875911533762093,6997,4211413794.392046,18331221198.03466,384540494.47907543
2023-07-06,000001.SZ,8.959919839565343,3048,1018528092.0184114,19334772473.4463,556511327.8195531
2023-07-07,000001.SZ,8.946869015177176,5780,2333996686.764577,17931914258.98176,137415573.1453529
2023-07-08,000001.SZ,8.795345965608517,1716,2592674774.3637733,17142741120.87317,233508880.86587998
2023-07-09,000001.SZ,8.528873857085436,8939,3149582411.7516913,14828629709.585325,987967110.6629622
2023-07-10,000001.SZ,8.452708463055792,6565,4679422465.651042,13262860559.137089,968606826.792441
2023-07-11,000001.SZ,8.59748624978637,5544,2385383977.4638453,6304801398.671152,104445982.84096865
2023-07-12,000001.SZ,8.634299610212864,5976,2387812807.584911,11126798196.060482,956630606.880915
2023-07-13,000001.SZ,8.419177973183665,4419,3950004992.4389935,10590327755.18471,675207944.0339503
2023-07-14,000001.SZ,8.4483387939097,8239,2808871763.559229,8896306756.404892,881126465.0680199
2023-07-15,000001.SZ,8.513444629252316,1249,1898419291.7599277,15851301705.328773,509265870.0704732
2023-07-16,000001.SZ,8.36295120238729,9865,2809758064.5307736,12438136026.181562,564036425.7213252
2023-07-17,000001.SZ,8.388663113579375,1770,1563428081.5191994,6215693238.614719,539961922.2312281
2023-07-18,000001.SZ,8.398428980165708,5363,1705547946.0248933,8302748029.2471695,700177831.7914939
2023-07-19,000001.SZ,8.20644588271032,2077,2993471090.957919,15248881454.893938,225686129.2806816
2023-07-20,000001.SZ,8.26516913491464,9427,2675701798.0181913,6141962892.354503,126976230.88541016
2023-07-21,000001.SZ,8.357868714088168,9580,4659383604.2724,17768103710.73153,377136947.4320718
2023-07-22,000001.SZ,8.538908716109948,8901,2449575596.4665327,12427197905.209614,734212686.462982
2023-07-23,000001.SZ,8.718875106653455,5858,3322353401.112174,12208798659.89972,281668106.91065353
2023-07-24,000001.SZ,8.478640563503854,7544,3529057151.6781216,13886116769.892763,706089189.9924256
2023-07-25,000001.SZ,8.319610935005974,5719,1052377826.3533345,17370214488.877235,972920841.4965434
2023-07-26,000001.SZ,8.405308795825633,3814,3654149488.0668426,10217138118.532896,184510644.21047655
2023-07-27,000001.SZ,8.491679387273113,4374,1712143867.4790058,15170242288.385954,705341906.4026136
2023-07-28,000001.SZ,8.579151783698467,2252,4844281269.877821,13485979459.936867,499375197.37411404
2023-07-29,000001.SZ,9.240215148501703,7996,1594650911.0124516,9005424052.54132,881328028.9397548
2023-07-30,000001.SZ,9.345718171402561,5673,2658496494.908095,18179449795.32737,259434810.5026473
2023-07-31,000001.SZ,9.557971700167686,5530,1341398672.3145754,16961390324.103922,723363357.003548
2023-08-01,000001.SZ,9.740338137315248,7881,4987497007.383789,14876777519.876383,854303760.6832992
2023-08-02,000001.SZ,9.867233558263397,7949,3008780041.3249702,17758725936.413628,950152797.5266209
2023-08-03,000001.SZ,9.805016852851324,7241,3381540069.280175,18009413014.397034,714923225.4606812
2023-08-04,000001.SZ,9.953850972805963,9017,1268305909.55371,15625444650.725521,547457287.6075846
2023-08-05,000001.SZ,9.799999232535288,7941,3999841881.596711,17555199925.45508,656062516.1810925
2023-08-06,000001.SZ,9.753582789249245,8002,1839622372.382343,15462071925.039255,882014486.0308464
2023-08-07,000001.SZ,9.658902118316547,2331,4592217157.762856,15202111576.404507,613548771.9749467
2023-08-08,000001.SZ,9.674718404283626,5261,1820558561.9280286,14279170673.227764,127348353.72715318
2023-08-09,000001.SZ,10.122591800976204,8648,1762750882.6546664,16290749593.364618,937853825.95628
2023-08-10,000001.SZ,9.744560534400653,6115,1146198671.3923795,7379076579.396105,720574075.928405
2023-08-11,000001.SZ,9.878306613749729,5637,2888267780.4399967,18213061387.983925,708862047.1995219
2023-08-12,000001.SZ,9.55968857662029,5854,3259364533.0504656,18077652916.178482,294107637.15794545
2023-08-13,000001.SZ,9.469458143293682,4177,1262834557.7134094,5438709245.518387,692996923.2093915
2023-08-14,000001.SZ,9.675693585255626,8730,4102110466.780042,17387251258.47144,454477965.0887426
2023-08-15,000001.SZ,9.688132660624069,3180,2813155338.9921103,6933048012.101678,686109679.3373429
2023-08-16,000001.SZ,9.47930597296659,5892,3097561077.31032,10026782813.887129,195933727.27719164
2023-08-17,000001.SZ,9.343694318493124,8043,2763050987.7529125,16152623844.374117,692060774.1427324
2023-08-18,000001.SZ,9.470693391004758,1137,2603052243.5013037,7411398440.724623,999472353.1935999
2023-08-19,000001.SZ,9.332351822364481,7327,3238561325.2328715,17269505361.785934,143390834.97450042
2023-08-20,000001.SZ,9.372753176623517,4472,1620960983.7228498,17482012669.366127,979456765.7991855
2023-08-21,000001.SZ,9.381295848767978,6449,1727712521.9810843,12612016006.412544,466217164.65058357
2023-08-22,000001.SZ,9.259038736046973,3832,4447142484.0540695,5095788075.752503,883678105.3035332
2023-08-23,000001.SZ,9.656055963466615,4579,4784461848.534531,9305571997.623692,804146935.6524462
2023-08-24,000001.SZ,9.77847911458279,6971,2493237265.119012,14253903775.636133,610314634.888001
2023-08-25,000001.SZ,9.382422824829119,5164,2082978692.5742152,19717792670.411354,764604288.3261938
2023-08-26,000001.SZ,9.417410689202729,8941,3575998172.9560633,14477202905.250025,890664005.1712132
2023-08-27,000001.SZ,9.292764390657139,6569,2634936684.3923855,8897053715.962397,463726289.48592967
2023-08-28,000001.SZ,9.451193633437207,5300,1101545422.6413794,14510085546.494171,394329845.40691483
2023-08-29,000001.SZ,9.301388294288365,7269,1624610389.4647615,13099780695.737831,700834047.0072262
2023-08-30,000001.SZ,9.280044130416595,4818,3863888915.3895903,16697680927.267155,827061347.7471328
2023-08-31,000001.SZ,9.373770215101349,2906,3635695767.6406054,6604709582.404376,786056621.2989541
2023-09-01,000001.SZ,9.536078020154973,7254,1108383970.013934,16415418537.53042,818032283.972771
2023-09-02,000001.SZ,9.307155616455061,1760,1887888647.7317977,13118998680.141655,492024983.3316397
2023-09-03,000001.SZ,9.244890515337696,8830,1924299186.3522856,19444880057.88492,836050794.5575194
2023-09-04,000001.SZ,9.157074167288574,8350,3687570974.3949137,10128082490.580292,208188149.8335476
2023-09-05,000001.SZ,9.03742248252187,7238,1078842151.0174565,14489328397.009222,590040188.1647646
2023-09-06,000001.SZ,9.356525599381468,7090,1416434327.9382954,18980421582.65026,105182794.4483094
2023-09-07,000001.SZ,9.432310034299219,7031,4199664341.4927573,6537645919.8601885,392127246.9102433
2023-09-08,000001.SZ,9.194449066807993,8687,1714178648.2173345,19058427308.54677,429815381.3842581
2023-09-09,000001.SZ,9.363233765259121,9472,3610984431.407499,15318285834.5122,456555422.44832987
2023-09-10,000001.SZ,9.760638656439571,2887,1952731124.186906,6017555886.577579,725920486.0208759
2023-09-11,000001.SZ,9.962189063110902,4266,1397765571.0373807,9514453504.202244,449702291.14331114
2023-09-12,000001.SZ,9.659464045957977,1666,1972688763.9978163,15622581329.679224,503824260.3602776
2023-09-13,000001.SZ,9.56591521362439,5188,3889067727.4226365,6010259022.031575,313789717.7868947
2023-09-14,000001.SZ,9.808298506350683,1671,4422785872.425142,13732556902.644098,435926612.46640605
2023-09-15,000001.SZ,9.66947783909831,7777,4320879458.267966,10188245854.29435,304542664.5368363
2023-09-16,000001.SZ,9.755307881598736,8570,2588734118.4738193,14313732766.512157,165876331.39159927
2023-09-17,000001.SZ,9.906443755334214,8956,3672340546.2825847,5686130507.187693,643103734.0432401
2023-09-18,000001.SZ,9.722792063698341,6124,1819937181.6632838,18073052092.285645,701391518.6995146
2023-09-19,000001.SZ,9.71121701050821,6585,2172590921.044053,19602334537.660954,657541311.408653
2023-09-20,000001.SZ,9.08168399993854,5777,4585343274.084478,19533167829.28537,517144639.4205151
2023-09-21,000001.SZ,8.895620702897734,4900,1052007694.0429442,16244777476.143871,441807202.16130686
2023-09-22,000001.SZ,8.85068569336922,7677,1342034123.4178724,6951293601.959479,877000284.6146427
2023-09-23,000001.SZ,8.62981095822836,7981,1831545020.5841093,16373947938.935339,567173606.6225963
2023-09-24,000001.SZ,8.911558977408461,7376,1106128815.4952788,5368803746.882023,531263689.86675787
2023-09-25,000001.SZ,8.656663192693895,1523,1725741740.3591893,5331853272.934958,123077859.22579211
2023-09-26,000001.SZ,8.58047685447114,3393,3332166243.878769,9854153287.243118,407123044.8635407
2023-09-27,000001.SZ,8.60291318441801,3593,2685698202.369992,12329647856.069986,442176056.9072713
2023-09-28,000001.SZ,8.850896164035138,8240,4570686844.307899,16556111267.116898,458940502.80721045
2023-09-29,000001.SZ,8.596722827915992,7937,4269774246.9537635,15249430649.097578,622155132.304599
2023-09-30,000001.SZ,8.796710755531091,7190,2367269406.791504,11688540595.651226,580242292.0541906
2023-10-01,000001.SZ,8.79851110108975,6240,2037693733.72517,9104399994.224987,647114583.5141002
2023-10-02,000001.SZ,8.625794805848528,7493,2518769632.6690674,19956867502.36567,788394935.3879155
2023-10-03,000001.SZ,8.705515000809823,3878,3361179770.059231,11392719533.539595,831687164.8444841
2023-10-04,000001.SZ,8.740173344127252,5143,2072254563.2915049,11770805364.945133,746310768.603845
2023-10-05,000001.SZ,8.63525335311848,4644,3496595631.396536,7454357317.875038,959971326.3594413
2023-10-06,000001.SZ,8.647308526887777,5432,2637646608.7649617,16922143231.248941,116409324.40872547
2023-10-07,000001.SZ,8.580670015854405,2276,3208188723.407921,15405233386.72233,276200187.11519146
2023-10-08,000001.SZ,8.600151113467941,6811,2744506116.5412664,8311544191.831406,106806587.4803279
2023-10-09,000001.SZ,8.714039590622809,1302,2177863038.1676707,6235715684.23764,682727242.7391427
2023-10-10,000001.SZ,8.990451857168493,1638,4793813227.848627,15207489531.120697,908227494.0549883
2023-10-11,000001.SZ,8.767881444163296,1055,4054423176.6390433,14817668214.217028,319134066.91866934
2023-10-12,000001.SZ,9.141925119071889,9717,1560452703.0658102,9098892904.97314,934331090.316676
2023-10-13,000001.SZ,8.78500830929012,9150,4473871903.591652,19262953433.756157,154240651.26060477
2023-10-14,000001.SZ,8.75833964286784,3125,2949724792.9980545,7265868376.713503,940992424.1249629
2023-10-15,000001.SZ,8.861393281110542,1364,4578208907.576365,11485022015.639029,416460418.51567096
2023-10-16,000001.SZ,8.911192870086422,7809,4199421023.789261,19154238802.513985,191278745.60429487
2023-10-17,000001.SZ,8.80021295966179,5621,2700854017.876934,11295909753.891834,537284583.267693
2023-10-18,000001.SZ,8.76358255716603,6126,1089877233.2804697,14577889214.961283,331098910.9484571
2023-10-19,000001.SZ,8.677173469333177,6122,2074709437.5397844,10963915969.441914,356385611.76573056
2023-10-20,000001.SZ,8.57489306467885,2646,3166536858.643468,9113228035.230051,376560968.43365794
2023-10-21,000001.SZ,8.720598007268496,1918,3533912879.3045893,19759664719.397423,822723308.0493971
2023-10-22,000001.SZ,8.782865777977912,3797,2031550741.732809,11140010094.725645,585245149.007729
2023-10-23,000001.SZ,8.661151138548965,7506,1557424296.2912965,18411488055.187016,380176929.2404033
2023-10-24,000001.SZ,8.81698254825591,6870,4339720947.197197,8449319088.366293,649300404.9798266
2023-10-25,000001.SZ,8.87117163850904,2531,4937608722.814209,8196570560.376249,744535606.8008742
2023-10-26,000001.SZ,9.015392426002292,9172,3102760729.210743,5467011243.267671,345361600.6601804
2023-10-27,000001.SZ,9.128919447855706,4345,1686717143.393214,14775002380.638275,472194191.3728164
2023-01-01,000002.SZ,9.973146379328497,2778,3241762523.9217596,10798107602.345417,333587604.8584813
2023-01-02,000002.SZ,9.941387118461641,8902,1443957876.8539243,12669131933.011269,493296297.0990588
2023-01-03,000002.SZ,9.748683348037815,6110,2788222175.225702,12384882200.017729,634204841.8409073
2023-01-04,000002.SZ,9.856121111488207,6189,2841433084.807705,13659185438.49697,165773405.8243135
2023-01-05,000002.SZ,10.220132600285583,8378,4458254438.09068,17983657184.368286,660108938.1555215
2023-01-06,000002.SZ,10.265567777229094,2124,3186592880.751154,19711090153.751442,983060053.086065
2023-01-07,000002.SZ,10.298515364820682,1697,2521602195.8816385,11113763128.607254,271096884.80535483
2023-01-08,000002.SZ,10.105474215595562,3179,4907201314.042637,17412783831.594543,813335604.659545
2023-01-09,000002.SZ,10.387904980600977,6251,1442882373.3052626,16467916919.820765,917108914.4016575
2023-01-10,000002.SZ,10.3722931713076,2929,2690193713.2477784,13602934271.8336,949331433.5381987
2023-01-11,000002.SZ,10.25218963894183,2013,1168098700.6856213,19340707154.178997,964122043.9649025
2023-01-12,000002.SZ,10.265248548732151,1226,3959616483.0677214,8007117732.926042,569313674.8493247
2023-01-13,000002.SZ,10.3621445565555,8321,4672306208.796602,6638963154.644321,979577117.1923534
2023-01-14,000002.SZ,10.390995960333067,2828,2120149318.2019577,17809429504.33133,781579186.420995
2023-01-15,000002.SZ,10.64165866157217,8909,4433366707.196484,11587247249.506226,245504292.6132657
2023-01-16,000002.SZ,10.723380545531322,6588,2168872921.8475914,17704532813.105907,529210095.821173
2023-01-17,000002.SZ,10.662484223713708,3023,4643080646.575661,18396353077.931225,746498057.8348036
2023-01-18,000002.SZ,10.748038337258954,5966,4015847614.387136,5936863904.286072,322606284.237175
2023-01-19,000002.SZ,10.855440711611328,6891,4219627107.3657546,18251971444.79091,676553665.1939986
2023-01-20,000002.SZ,10.573986072980743,2080,1072026222.401818,11724785830.541332,699940431.1419573
2023-01-21,000002.SZ,10.817065036954139,6036,4851241428.296104,12656487335.063484,246429769.4277093
2023-01-22,000002.SZ,10.751967070007884,3563,3906683968.281293,14398887666.398153,608576781.2074807
2023-01-23,000002.SZ,10.692761745353108,4292,2219004381.5445333,18895739100.9513,794464219.880747
2023-01-24,000002.SZ,10.853447433572757,4586,4317578659.435388,5286741416.446461,549006098.0823478
2023-01-25,000002.SZ,11.015633803286658,5431,2126084793.6597197,12152652024.767258,110892805.09849668
2023-01-26,000002.SZ,10.86123170064403,7841,4491015358.264511,15315830636.45841,108134622.17136297
2023-01-27,000002.SZ,11.035641710794078,7643,1450321561.647748,15840604365.473427,421326409.573011
2023-01-28,000002.SZ,10.911943610847775,4959,3814743909.843183,15387986473.05662,933574661.5886037
2023-01-29,000002.SZ,11.309045180475659,1161,3162793906.5796413,7016526941.121828,305809101.6432479
2023-01-30,000002.SZ,11.121723517429007,1593,1386137880.7817633,9490933825.575218,670927319.9845184
2023-01-31,000002.SZ,11.17499155978398,4390,1967575313.035356,10380732881.255203,299868283.6239885
2023-02-01,000002.SZ,11.000210749943086,6997,1049616145.1092591,17066558115.192575,389502990.69359374
2023-02-02,000002.SZ,11.489213157012351,7354,2875071861.8580236,9181398086.218296,863237880.6413356
2023-02-03,000002.SZ,11.204781383475728,1663,2205061043.0400014,8160574458.008047,755975298.0429522
2023-02-04,000002.SZ,11.322288782447883,1541,3393429937.1910353,19361720285.57144,185859349.58188957
2023-02-05,000002.SZ,11.15587142360896,6433,2188951230.834469,5132949276.702033,485831818.88779026
2023-02-06,000002.SZ,11.076863837246737,6093,2199676446.027939,19967312835.229675,126252787.28073803
2023-02-07,000002.SZ,11.177339373835443,1867,3972772794.9264135,15152319482.860933,532801131.9427081
2023-02-08,000002.SZ,11.451091290860738,9623,1192571343.9134138,17427039491.736755,696190610.5309613
2023-02-09,000002.SZ,11.822884535583855,6469,4611579980.767949,9419290945.192898,206652361.23833638
2023-02-10,000002.SZ,11.45946137021201,7256,4409055497.564726,5214729165.005899,359996445.0182491
2023-02-11,000002.SZ,11.520827066460642,2169,3671218732.9056263,16068042778.42295,458052962.95194125
2023-02-12,000002.SZ,11.857118534644382,1830,3372886280.4295373,17512168955.01014,927577922.1904448
2023-02-13,000002.SZ,11.457459903271719,2651,4569209992.558609,16107141979.302788,993929513.8806676
2023-02-14,000002.SZ,11.529500628819395,2136,1741320718.1148577,7142754309.512579,140420169.09605426
2023-02-15,000002.SZ,11.52902012594607,3810,1315876648.7633145,16301418833.854536,784907131.1458528
2023-02-16,000002.SZ,11.624605344366685,9667,1958040679.6381526,16533841731.614614,434551659.7621089
2023-02-17,000002.SZ,11.445050754360963,2019,4178313114.800761,14878107735.050823,453212367.60653204
2023-02-18,000002.SZ,11.116436147304583,6237,1138681066.9059334,16491738991.933794,778838476.0123204
2023-02-19,000002.SZ,10.691097638934568,2283,3331227340.3339586,17688821595.16598,926583788.9308678
2023-02-20,000002.SZ,10.899869962525612,1659,4981750064.76524,14204061713.561876,955835735.0522935
2023-02-21,000002.SZ,11.140549802923758,3010,4422784375.350158,6329070709.545186,619410327.4344888
2023-02-22,000002.SZ,11.207991427025863,9590,3085782756.174358,12314417145.008163,421409043.3704525
2023-02-23,000002.SZ,11.08825682454458,2733,1254563637.1465693,6164740020.074076,808794177.2729013
2023-02-24,000002.SZ,10.728321830449168,3125,4325494057.542839,11113145465.486462,325901244.9360702
2023-02-25,000002.SZ,10.84919685891871,3171,3395914032.7088423,11106597336.884415,607666625.950166
2023-02-26,000002.SZ,10.610345436164419,9266,1459731988.2382674,5990147662.103623,422720615.37238586
2023-02-27,000002.SZ,10.45940295382486,4471,1375429139.2934248,10232308009.54219,690967966.3370885
2023-02-28,000002.SZ,10.33670075249714,6624,4638507277.74637,6664971481.869722,316359021.6041562
2023-03-01,000002.SZ,10.295863502175012,9691,3676801051.7523136,17123528150.138332,272433651.1613432
2023-03-02,000002.SZ,10.13956396543321,9329,4317147197.267022,19215320389.467064,926415178.0078933
2023-03-03,000002.SZ,10.146349112406835,3097,4515915601.129069,6084747128.86908,191623314.65458322
2023-03-04,000002.SZ,10.020165401178406,6068,3287089408.193289,19326728109.37552,555362116.9614384
2023-03-05,000002.SZ,10.160722883530816,7397,3069785407.0201654,12838648990.051178,298767504.666708
2023-03-06,000002.SZ,10.370249774421186,3757,2721709641.283961,9493485169.30811,135036966.9931007
2023-03-07,000002.SZ,10.392762067653162,4920,2267786351.1644773,6152931129.142452,132416936.46228376
2023-03-08,000002.SZ,10.488921376250085,9186,2738383843.434847,12509364021.056267,257699594.8952446
2023-03-09,000002.SZ,10.933201867087073,2900,4095518622.9206257,16917733167.36123,880093319.0554003
2023-03-10,000002.SZ,10.676795704741702,3610,3407693724.0605264,15606297159.000473,354230869.579324
2023-03-11,000002.SZ,10.413405966228035,7900,4570093159.819385,5753390171.959606,955413253.5177661
2023-03-12,000002.SZ,10.558151871957353,2449,2773520057.516751,6093527530.518553,623460063.6902742
2023-03-13,000002.SZ,10.969189770032386,9738,3428358314.875016,11043099239.489555,492952770.7918895
2023-03-14,000002.SZ,10.91204060681786,6017,3525230212.3679547,9429357410.71915,622079951.2025092
2023-03-15,000002.SZ,11.288906226968226,8999,3366788649.225302,8485764845.840717,565028546.7036409
2023-03-16,000002.SZ,11.310678851139777,7052,3810535092.3420653,9215067483.630703,782898628.3815926
2023-03-17,000002.SZ,11.156652903520389,3096,1949733873.4992251,17052241149.45327,354246459.3755671
2023-03-18,000002.SZ,10.935596681236579,9895,3049455110.1831627,18938420804.477806,417745352.44027215
2023-03-19,000002.SZ,11.073256943436842,7404,1416899211.2333908,11076540417.913496,904684872.2799257
2023-03-20,000002.SZ,10.870625406431138,4331,2538045310.5792503,18591665031.987457,951810861.8353649
2023-03-21,000002.SZ,10.888296008669894,8462,2950668274.485058,9822435518.71823,903302404.7378271
2023-03-22,000002.SZ,11.233120726985053,6105,3608897038.18189,12146554795.156876,477503194.5615822
2023-03-23,000002.SZ,11.164198703189133,3978,4802124210.344814,8390434967.239996,802328952.7061936
2023-03-24,000002.SZ,11.457595960645083,3839,3402604266.1934233,14607140632.63766,528702159.9709889
2023-03-25,000002.SZ,11.179280989006743,4384,3974375664.706239,19684716727.62213,547785866.931492
2023-03-26,000002.SZ,11.059906591682573,1685,3025064237.980811,14052396440.65068,284212098.15155554
2023-03-27,000002.SZ,10.74864896186295,8531,3536416125.5053253,10367211261.703232,632017272.9326649
2023-03-28,000002.SZ,10.764341291969197,5283,1283728864.5350938,14717261689.857925,267522307.97801313
2023-03-29,000002.SZ,10.932281847186944,8736,2017566323.3673878,6843810176.980814,398408229.1604744
2023-03-30,000002.SZ,10.948721175846543,8710,2447412372.8205547,18329886203.98098,869527181.4579417
2023-03-31,000002.SZ,11.217413755354922,2619,2889973420.0260544,12546259261.697544,286368228.2897697
2023-04-01,000002.SZ,11.049336684973731,7868,1182594982.0095348,11740246130.594631,164042456.65608954
2023-04-02,000002.SZ,11.099134444074323,2431,1560096390.2132707,13787971826.802788,162106833.35153466
2023-04-03,000002.SZ,10.982045385316022,5713,2107257231.1652231,14371757941.841038,946706068.452797
2023-04-04,000002.SZ,11.061484358834594,5998,4886130763.604202,6076637093.397696,556228394.1656511
2023-04-05,000002.SZ,11.172925726757793,1162,2325388028.412203,15239258318.351036,468470864.6353165
2023-04-06,000002.SZ,11.303067062847106,2974,2928164232.44833,8628975204.732944,829790722.9071265
2023-04-07,000002.SZ,11.061047070803475,4291,1784390850.9535718,15709289487.598846,852243335.1194644
2023-04-08,000002.SZ,10.864216600544975,9461,3443120284.303073,17338021915.76295,398971929.8040441
2023-04-09,000002.SZ,10.711185916327164,1631,2122732862.0638971,17059377613.287804,724256251.7264158
2023-04-10,000002.SZ,10.660011994282556,1905,1827970313.753707,13287514511.118336,794010534.2666979
2023-04-11,000002.SZ,10.678600156574134,3014,3066290513.7839165,12802548384.661266,689185618.1793591
2023-04-12,000002.SZ,10.829828168724678,8896,1022023196.6416833,7143139420.091176,236435567.32008943
2023-04-13,000002.SZ,10.646132905045423,1204,1030656130.5969013,16630192256.047033,888294775.1653513
2023-04-14,000002.SZ,10.305239620507916,1581,1876275236.4074311,9071140706.700716,585185097.4624078
2023-04-15,000002.SZ,10.74954861765027,6675,1146885450.0032845,12450431342.2692,354225183.7330033
2023-04-16,000002.SZ,10.506296432568458,6347,1432103016.5227656,9264111393.91275,482705366.89392453
2023-04-17,000002.SZ,10.682029731516067,3643,2355442597.355006,7007425444.995398,133813981.35901664
2023-04-18,000002.SZ,10.688709605763707,9017,4210342718.3192515,14443365453.376049,215080121.1001758
2023-04-19,000002.SZ,10.742432266101101,3297,3288194573.4772034,5814980522.343557,788992075.4642748
2023-04-20,000002.SZ,10.742099142022694,1874,3050670903.8256655,16229678511.893,100010471.27982953
2023-04-21,000002.SZ,10.65941894902512,6560,2173955292.8324866,9763801928.91675,474909245.63406295
2023-04-22,000002.SZ,10.758332447913457,1689,4727014877.731266,5002020395.06728,570259162.9770296
2023-04-23,000002.SZ,10.663963108467104,5000,2588060164.9487667,12666937088.558447,149170978.00087506
2023-04-24,000002.SZ,10.912711297863844,1671,1348371067.183086,5702778627.914047,975770346.6750996
2023-04-25,000002.SZ,11.036775949686657,8927,3468266064.471205,9142543367.313492,303512798.1247047
2023-04-26,000002.SZ,11.169127667467436,2171,1455353573.9064057,15604647311.835743,373778847.6726528
2023-04-27,000002.SZ,11.055845223449658,6591,2380892571.206768,5940344324.327988,373548261.0295246
2023-04-28,000002.SZ,11.003583195627957,7342,3029647754.871236,17590077385.340034,307374995.9056149
2023-04-29,000002.SZ,10.742157247247057,2449,4496890098.740704,5057298839.878747,101326439.87768027
2023-04-30,000002.SZ,10.666314167404076,3539,2974186321.3604746,8702358038.028534,756410314.6791967
2023-05-01,000002.SZ,10.445185279759654,4959,3809035064.126657,16113560842.28107,970160949.8193568
2023-05-02,000002.SZ,10.719490158366515,7285,4971267355.996282,9744052245.939602,301864134.9565406
2023-05-03,000002.SZ,10.730324521924617,6432,1525956479.5919266,6528385820.990203,696742472.6230801
2023-05-04,000002.SZ,10.766914335166112,5260,2098926102.078078,10403508782.006418,767706694.2628436
2023-05-05,000002.SZ,10.718431667709353,3361,2578304302.390586,9055899295.767883,863582841.1814723
2023-05-06,000002.SZ,10.760786391209107,7164,2687312714.1553254,17640678532.408325,480366277.31224823
2023-05-07,000002.SZ,11.291266825607769,4670,2644084301.0621834,9700218763.777147,372637815.07638633
2023-05-08,000002.SZ,11.22348754488398,2753,4630444010.226219,16833987076.640108,392765620.620728
2023-05-09,000002.SZ,11.077489493002023,9100,3856130577.867426,18378082172.16102,741359199.7886616
2023-05-10,000002.SZ,11.19484289528753,2938,3431620856.362815,11507261293.647942,835101519.8550724
2023-05-11,000002.SZ,10.629342429269927,9562,2237490871.451128,18649147157.81588,263452570.9809424
2023-05-12,000002.SZ,10.642938801044972,6976,4295161536.885179,10659770809.447893,433846907.3419887
2023-05-13,000002.SZ,10.56381644741887,7588,4820242045.939956,19461176247.351624,911746177.0742351
2023-05-14,000002.SZ,10.35416414340399,9616,4284793130.2009063,6339342867.883594,826024167.7252653
2023-05-15,000002.SZ,10.459312268673544,7304,1006260420.7658917,15305288997.548641,986372562.4862282
2023-05-16,000002.SZ,10.470605903221873,8345,3545605480.7336283,12407210606.853931,778823433.7138727
2023-05-17,000002.SZ,10.0931596362853,8875,1204541525.7684028,10814732081.834705,453875680.92513007
2023-05-18,000002.SZ,9.962649122945972,7633,2030428881.3348875,14490678181.229013,631574050.5951741
2023-05-19,000002.SZ,9.387152471161105,1597,1238098801.3910868,15557856374.514967,694912828.8225883
2023-05-20,000002.SZ,9.442211746498785,4062,3415181811.797551,5065449044.754637,170610234.68541157
2023-05-21,000002.SZ,9.495711208430222,3336,3746359653.970427,7504296331.207981,590047263.1934786
2023-05-22,000002.SZ,9.3450556930158,1572,1457950552.2636204,15695690759.51478,738388745.6253486
2023-05-23,000002.SZ,9.44600336043949,8521,2535355532.1799183,14995781203.673098,250589173.60095435
2023-05-24,000002.SZ,9.203713634742032,7171,2824946035.8221684,19490712576.93016,802568545.6830014
2023-05-25,000002.SZ,9.025802716145868,8097,2476212087.0436664,16415566853.761745,625395502.4627005
2023-05-26,000002.SZ,9.101112292677353,3090,1484100001.940772,19261590615.97007,956999607.1278352
2023-05-27,000002.SZ,8.975759623294325,7566,2675791160.749902,15538107523.022104,138180068.3862025
2023-05-28,000002.SZ,8.964511747742316,5624,4004712191.2336726,9470783129.591648,338793523.79992026
2023-05-29,000002.SZ,8.863454981182976,2633,1284030658.1330218,6580473833.762847,641398491.3698417
2023-05-30,000002.SZ,8.790609585098512,2517,1320720056.3276138,16727357950.174034,366903920.9853376
2023-05-31,000002.SZ,8.726047090845427,4648,2419085167.343937,14662238322.138739,742981747.6641179
2023-06-01,000002.SZ,8.602703235940245,2537,4766902846.4757,5722790185.899444,783104754.269738
2023-06-02,000002.SZ,8.654740938668946,4137,3674290586.8916564,10400756988.514675,192264367.659827
2023-06-03,000002.SZ,8.54604977105163,7985,3714679826.690259,19351997232.26429,562469017.786091
2023-06-04,000002.SZ,8.54873095978846,1097,2447679963.35146,12506017185.653019,558001500.0319502
2023-06-05,000002.SZ,8.424136338069577,4750,3374643164.8341537,11490937040.29557,432352693.19398695
2023-06-06,000002.SZ,8.165633521830065,9535,1040524736.1109735,11865494077.38941,939632376.3127049
2023-06-07,000002.SZ,8.314645758987067,9174,3544384185.638169,8133240860.0774555,844755687.8858991
2023-06-08,000002.SZ,8.39771355754953,9103,4653147790.304947,10530607562.971928,727488443.7186731
2023-06-09,000002.SZ,8.782107486310785,6413,3450293873.3792768,10547198839.80765,742893972.1614978
2023-06-10,000002.SZ,8.598741852437708,5666,4494794373.86538,5785325302.812086,515544529.43180716
2023-06-11,000002.SZ,8.562805906679152,1610,3895892221.864375,16513514427.768774,928895068.9869183
2023-06-12,000002.SZ,8.540798214356663,2727,1482233665.6147609,11247566478.558186,725135884.5279568
2023-06-13,000002.SZ,8.709798308993044,2854,4609813229.143367,17332698302.24635,756082955.4902349
2023-06-14,000002.SZ,8.62146215941718,6055,1265775377.4230995,17755220016.79843,875521813.4086107
2023-06-15,000002.SZ,8.419540298759763,3324,3135869890.1910553,8179910820.479871,346664430.40797186
2023-06-16,000002.SZ,8.622924281675854,6774,1568548495.1738305,14860302232.551928,826363813.4800327
2023-06-17,000002.SZ,8.568315297153653,7519,1046826442.9236163,12084227062.444725,275716542.66084284
2023-06-18,000002.SZ,8.71888518965626,2749,2688137040.510556,18202351068.822277,410807757.02039903
2023-06-19,000002.SZ,8.8517955966212,1781,2180162830.616625,8236110187.646812,402049408.84285843
2023-06-20,000002.SZ,8.846503909315814,8548,2944001975.190412,15167198004.650663,980672921.5502264
2023-06-21,000002.SZ,8.81566257185507,7823,3308799546.9382033,14116281833.790838,870883501.3731341
2023-06-22,000002.SZ,8.746624507702723,3105,1174956289.2357893,9429522163.577492,731052875.4312338
2023-06-23,000002.SZ,8.743966735853757,4867,1492013180.4949825,7049013554.76759,754351085.4538511
2023-06-24,000002.SZ,8.894905129200634,8193,3234569585.8017015,14774596407.15915,605865514.9623139
2023-06-25,000002.SZ,8.753219932168468,5976,2372669412.690633,16078961871.98496,952381600.3976672
2023-06-26,000002.SZ,8.772274926965986,3113,3916693950.197792,9734410156.450249,546632877.5941254
2023-06-27,000002.SZ,8.576016078363896,6879,3609166594.3677588,14672489060.334707,442465938.88290507
2023-06-28,000002.SZ,8.405506657600464,4970,4382417451.959627,10926963614.17255,246731803.2384319
2023-06-29,000002.SZ,8.400305498669042,8264,3769971306.6769013,15698103249.239265,807585087.0349522
2023-06-30,000002.SZ,8.070986976762425,2577,2719724309.5605927,7988229123.410797,760999538.8680323
2023-07-01,000002.SZ,8.4036018119537,3274,3691866489.5777297,18353225039.542618,445919534.6717214
2023-07-02,000002.SZ,8.203081795976638,5869,2101524697.0216742,9311143946.983696,122674072.56330642
2023-07-03,000002.SZ,8.196504809008623,7744,2225253995.1128507,10516789816.342293,855097594.9462097
2023-07-04,000002.SZ,8.388010852505444,3426,4155940639.683173,5871379281.205247,110276185.10866627
2023-07-05,000002.SZ,8.243249665582963,6546,2785678065.606329,6672683184.819146,733329801.6661458
2023-07-06,000002.SZ,7.863615541802895,7852,4193521362.07341,12737928540.684921,973231398.7534513
2023-07-07,000002.SZ,7.793637893911382,3551,4289689494.673114,9013890150.919573,493895195.33338314
2023-07-08,000002.SZ,7.657277228620838,7411,4430249350.645135,17532203386.132915,311476064.49635744
2023-07-09,000002.SZ,7.308660767997292,1007,4666540943.364829,5220400829.824307,734383909.0390435
2023-07-10,000002.SZ,7.350304039618121,9087,2723940882.053185,10686410730.079042,835415327.8140266
2023-07-11,000002.SZ,7.38074809666114,3555,2275467273.2845554,10060183201.53639,591787284.4700625
2023-07-12,000002.SZ,7.549372572763133,1475,3328794986.3764553,5289914463.764015,970331747.7305316
2023-07-13,000002.SZ,7.380142460259151,6416,2484689693.75051,6865525985.007653,146501849.492165
2023-07-14,000002.SZ,7.144105358591607,9676,3404296667.200932,11204640123.77953,554316038.4740753
2023-07-15,000002.SZ,7.085991907450487,8239,3822343450.5752983,12392968766.7117,746608552.5902951
2023-07-16,000002.SZ,7.073472000114065,7710,3753620073.9685473,11064346208.823036,876376424.0342611
2023-07-17,000002.SZ,7.203814812494889,6000,2498211548.0804853,12964065176.181408,261330050.71701103
2023-07-18,000002.SZ,7.40704422626464,5654,1667440806.7950113,13926975123.585222,820003133.5873133
2023-07-19,000002.SZ,7.586958239399185,9078,2722117353.84883,5148857316.917535,597436368.1466907
2023-07-20,000002.SZ,7.628920744440886,7063,1570376576.3276348,11961427391.802559,456898313.79096687
2023-07-21,000002.SZ,7.750907073245341,3285,4560388140.735233,19452488613.313828,218543525.7211842
2023-07-22,000002.SZ,7.651618971366948,6223,2383509842.9514294,12785484201.94323,878766183.0180212
2023-07-23,000002.SZ,7.677388888355559,7971,1617838988.8932953,15163134011.884298,241545887.3617438
2023-07-24,000002.SZ,7.494468934792044,4525,1101791039.6230035,9677957868.753248,378809073.2881893
2023-07-25,000002.SZ,7.50386480998472,3822,3583289545.145937,16609870672.291437,361040978.76619315
2023-07-26,000002.SZ,7.517168666647246,5943,3547609269.818973,16593822228.141726,884272630.7717688
2023-07-27,000002.SZ,7.776079290539085,7530,2362416666.3251667,12819440714.812084,705432694.7880082
2023-07-28,000002.SZ,7.740467512796632,1258,1286847555.390604,19640207349.1882,817013257.4722351
2023-07-29,000002.SZ,7.754406985988936,1282,2638515579.580928,6883253221.4398,325421108.9132491
2023-07-30,000002.SZ,7.791156891137082,2898,2244869980.2535744,5254214973.343715,662386689.646299
2023-07-31,000002.SZ,7.720285362369813,5135,3708482558.9400373,16552373176.35644,614571384.8293738
2023-08-01,000002.SZ,7.596375904337372,7629,3423116997.8107615,17107333060.473238,849547339.109444
2023-08-02,000002.SZ,7.7937010853843445,4200,2458374912.79016,6803108436.808643,915478354.4331344
2023-08-03,000002.SZ,7.640801538586902,6110,1871570217.0199604,8983742494.379091,110941094.32964812
2023-08-04,000002.SZ,7.437874369681593,8167,4952143864.622368,5263285450.4994335,706617927.1529135
2023-08-05,000002.SZ,7.539068938266463,1612,2816006484.7844596,9399629161.70847,146652219.2077561
2023-08-06,000002.SZ,7.713645856501805,1687,3753096943.1209483,16597128108.780073,593972798.5696204
2023-08-07,000002.SZ,7.644005571803084,4690,1562211870.3134432,12769407915.688684,358869456.13931036
2023-08-08,000002.SZ,7.5773416660190875,9804,2942358798.6375914,10221433897.524323,376098939.5699271
2023-08-09,000002.SZ,7.620160242675746,3307,1110146879.477862,10576089423.594955,417662653.10712093
2023-08-10,000002.SZ,7.512281226175946,8133,3021820471.6418,5020304385.732022,659163204.1446491
2023-08-11,000002.SZ,7.394832340318747,7509,4856069628.47081,9497007913.478539,400644969.1018923
2023-08-12,000002.SZ,7.524921134637671,6906,2536826851.943201,14696881124.568958,759429145.5312524
2023-08-13,000002.SZ,7.6162934076733215,3591,1155984050.2996464,19612916657.245358,464074647.0164827
2023-08-14,000002.SZ,7.81601682331886,8183,1123823163.6773741,17705912404.75849,161517880.27896276
2023-08-15,000002.SZ,7.620211687451799,6248,2551947039.787478,5353924469.682937,805383858.2356966
2023-08-16,000002.SZ,7.543634277146552,9766,1640099745.852776,18478409070.12259,357182492.13343537
2023-08-17,000002.SZ,7.58605659282593,6108,1093408385.3127437,16747976199.47939,489490191.63933635
2023-08-18,000002.SZ,7.44562034982817,4604,4024854455.8007073,16705641853.564707,716899494.8997114
2023-08-19,000002.SZ,7.5411755706343255,1669,2834092035.5275626,11869936385.053574,399210541.4338408
2023-08-20,000002.SZ,7.725878128100891,5364,2156979087.8906183,10970079394.317543,150927090.53204405
2023-08-21,000002.SZ,7.635739076131199,8329,4600332732.065923,9543735932.49789,436528942.31153226
2023-08-22,000002.SZ,7.641632635851504,2283,1464555840.8021026,5985422884.315487,950003724.4248731
2023-08-23,000002.SZ,7.86409870160109,1923,4823675315.821277,8423530452.405487,677560957.5687023
2023-08-24,000002.SZ,8.147091686739783,2125,2255866869.5094113,8699054524.670368,704331233.8004862
2023-08-25,000002.SZ,8.26861391018927,2529,4553614689.234725,12261156045.653023,669053938.2738758
2023-08-26,000002.SZ,8.366750644512885,9438,3411771505.917846,16211666098.950409,279092925.06349313
2023-08-27,000002.SZ,8.223890630476502,4711,4306829438.96595,12107147425.9692,476500477.6920521
2023-08-28,000002.SZ,8.282972606932589,9004,4936052652.841857,5867666741.707409,775845818.5269865
2023-08-29,000002.SZ,8.375215242354757,7274,2153621751.274983,19366847014.82306,191235607.79784322
2023-08-30,000002.SZ,8.339977335184416,4864,4844541941.630372,19140864786.411682,350067498.480741
2023-08-31,000002.SZ,8.240768925534415,8833,2557927579.609681,16777843147.226126,348687197.61926824
2023-09-01,000002.SZ,8.029591364495461,7788,2542047618.947689,19869918523.46331,488817034.8350554
2023-09-02,000002.SZ,7.750526167795728,1226,2361548417.0180225,13167234992.003944,982331866.8479666
2023-09-03,000002.SZ,7.448583724959457,1264,3165630429.390341,19441525253.798088,160752292.01543975
2023-09-04,000002.SZ,7.534904255315611,1645,1616580172.7139482,6134075609.251262,566830894.9425355
2023-09-05,000002.SZ,7.557162260798781,8544,3214845941.4320445,10485211223.92057,261428213.8109894
2023-09-06,000002.SZ,7.484037476306047,6569,3166819249.640016,8380719020.101488,973608890.8687698
2023-09-07,000002.SZ,7.434424849227469,3990,4047607250.41948,7937496262.0140505,201973154.25471777
2023-09-08,000002.SZ,7.46571939770716,3504,4334599847.750342,7112044233.3901415,463240902.12543213
2023-09-09,000002.SZ,7.441147763479657,1587,2761765401.2496963,14336204623.48995,764096486.3511455
2023-09-10,000002.SZ,7.241642677535437,5079,2209332997.4059753,16719827836.209576,734098985.2247008
2023-09-11,000002.SZ,7.373875104730189,4348,2037339589.2683778,13674475991.30541,480455773.204539
2023-09-12,000002.SZ,7.418726872702168,7299,1778495346.8194876,7204440643.823145,411871751.1574464
2023-09-13,000002.SZ,7.458179436654282,4831,1230590328.7960997,17166856549.002064,457851140.6975835
2023-09-14,000002.SZ,7.583113295276202,9381,2369791915.3388534,14539320607.455927,337848636.84277534
2023-09-15,000002.SZ,7.459713996932685,2715,2080990768.523133,10822485591.904934,284799644.83611983
2023-09-16,000002.SZ,7.640795784823098,7450,4865669543.46563,15111954433.040945,534735727.803001
2023-09-17,000002.SZ,7.6193950081668005,6433,3230835305.0001755,8898574688.642492,341680380.4608466
2023-09-18,000002.SZ,7.754806725627913,2098,2389108156.1220303,10177883127.413158,358715498.40752506
2023-09-19,000002.SZ,7.868716931718332,8096,3321870403.974784,18762287646.97985,691080457.1271013
2023-09-20,000002.SZ,7.705236181064258,3326,1556786805.382782,9357567585.071306,971683598.5299029
2023-09-21,000002.SZ,7.782735508972582,7416,2776174996.8088117,12049824022.36905,643273480.5034375
2023-09-22,000002.SZ,7.8335216983021185,7980,3504937285.684255,18352117060.94022,169281520.35846967
2023-09-23,000002.SZ,7.838270638835986,7763,2955591327.1698055,15615820254.012913,168025252.4686603
2023-09-24,000002.SZ,7.82347641248723,2674,2607115202.617297,5933048392.470541,956280898.7610093
2023-09-25,000002.SZ,7.81003673622405,8950,4975393555.598793,7209545664.184555,367561711.27660024
2023-09-26,000002.SZ,7.936979421612459,9915,4521259048.595708,5117623861.5787525,182860287.4742279
2023-09-27,000002.SZ,8.028716698722393,7049,3493623832.6377606,14463826853.43745,639140128.4353434
2023-09-28,000002.SZ,8.03361081980411,2089,3277509444.729131,11715101381.156275,661283900.4612395
2023-09-29,000002.SZ,7.793898132429124,5578,3482641919.298336,7014122763.534133,683654338.1068194
2023-09-30,000002.SZ,7.870970964461489,1155,1805248431.289733,19369011815.851555,340661825.0717872
2023-10-01,000002.SZ,7.984881800182232,2958,2580550973.0572743,12944895859.1843,113599615.79302754
2023-10-02,000002.SZ,8.352251852667056,7344,1157838131.5635972,8628399411.693338,968513832.5090246
2023-10-03,000002.SZ,8.531897608541824,6779,2902184149.9473066,12509053567.320614,325803741.12199223
2023-10-04,000002.SZ,8.207826038896723,7144,3172098335.8306527,15194304991.026617,708423659.2472928
2023-10-05,000002.SZ,8.220700736166327,6063,1910998944.4128385,6143588269.603467,735966882.8908386
2023-10-06,000002.SZ,8.518516176798718,4830,4856115388.662055,9120557225.71838,649006675.3715371
2023-10-07,000002.SZ,8.624750397289537,9831,4637818443.748968,17104482363.259905,381616654.7922834
2023-10-08,000002.SZ,8.681441254304515,7659,3888572941.8236237,11894973056.039919,343986628.3876592
2023-10-09,000002.SZ,8.837746898660795,1441,3133546515.06145,13198657130.484425,637901454.4324328
2023-10-10,000002.SZ,8.727738479409313,7040,4479876638.59074,11492240033.142038,879486070.2505224
2023-10-11,000002.SZ,8.811191368613034,6925,1522609375.2938516,5658499139.645077,952060356.031056
2023-10-12,000002.SZ,8.767052932147456,8358,4162039177.0995398,7486246697.30234,195315223.9633819
2023-10-13,000002.SZ,8.76361212937118,5628,1499283255.8673933,11683124581.128365,239345751.33794788
2023-10-14,000002.SZ,8.908817210218741,7370,4176842650.197622,8137781981.118917,950262632.9047717
2023-10-15,000002.SZ,8.74369885749039,1948,2103070273.0054278,5749685429.895181,762881705.5013133
2023-10-16,000002.SZ,8.968933475183382,9179,4508362324.072756,17654744960.777355,894694442.3467958
2023-10-17,000002.SZ,8.89309002815362,7115,4776168375.301592,19717887937.46174,282369370.72180885
2023-10-18,000002.SZ,8.939451988997623,1459,1595183877.6204624,16897143109.951092,628827283.9984617
2023-10-19,000002.SZ,8.689056515575885,8568,2850702420.261574,17806773825.570007,731025634.9757262
2023-10-20,000002.SZ,8.814150653623898,5646,4923949512.650741,8629656954.75568,712100696.9022754
2023-10-21,000002.SZ,9.069144725873759,1392,2933629743.8925867,19409404632.697998,467336521.7800283
2023-10-22,000002.SZ,8.975797552037614,2787,4454190090.05818,7953885566.801426,113855402.52217764
2023-10-23,000002.SZ,8.776494744940656,8374,3354926088.5252795,19271447155.427483,624633451.1238368
2023-10-24,000002.SZ,8.825289083078594,2138,2501319631.6784077,19922289409.489265,327791385.2616479
2023-10-25,000002.SZ,9.082071573142438,5741,2143134222.1034808,15675842086.190731,505228821.5286013
2023-10-26,000002.SZ,8.818717551172675,8418,1812892364.344349,19717155976.877327,961822913.5754356
2023-10-27,000002.SZ,8.62359316367659,7362,4047192765.510789,13543096693.506554,459131785.87819123
2023-01-01,600000.SH,9.922923334494957,8427,1240385641.5126805,6759202217.006676,214386616.1965953
2023-01-02,600000.SH,10.006365688445475,7336,4619065366.720472,7535926676.595743,270355281.32440853
2023-01-03,600000.SH,9.833377425377588,2678,3590065859.3734527,10277075096.155289,513398296.7204885
2023-01-04,600000.SH,9.805661477960326,1615,2092162477.311227,16425138143.204939,776915829.5892141
2023-01-05,600000.SH,9.867739223697269,8086,1708770004.0447645,12606236360.904,914984954.136011
2023-01-06,600000.SH,9.905169705213261,5749,2177066946.548457,14568528118.294424,851835277.2558215
2023-01-07,600000.SH,9.587121621824009,4505,1459187709.0051203,19777618326.360123,277199084.5981152
2023-01-08,600000.SH,9.50294555294987,5529,4766131641.137764,16520081529.698145,497035497.00756913
2023-01-09,600000.SH,9.821762330826918,2135,4136824697.461067,11515422472.118267,279470437.9826815
2023-01-10,600000.SH,9.725028564770456,9566,2849564707.6501627,11696628826.94823,338024635.0004717
2023-01-11,600000.SH,9.728103141130985,8226,4459850420.460808,14281581155.615076,553192283.3606975
2023-01-12,600000.SH,9.711223763342458,6162,1997832817.1729293,14980478126.283566,161298122.25117028
2023-01-13,600000.SH,10.015814307611237,1206,3868482273.888774,12510663887.55007,296356896.6339459
2023-01-14,600000.SH,10.274296057618495,5875,4424529996.054974,14672918342.224699,941840345.1764055
2023-01-15,600000.SH,10.440232308975357,2319,2427074846.4930906,5352987416.211481,519504663.39264005
2023-01-16,600000.SH,10.237014792084679,2141,4029857781.8028708,11444342958.452662,500847873.380085
2023-01-17,600000.SH,10.310554035837587,5627,2180289397.0572376,9184071141.102152,113110439.276151
2023-01-18,600000.SH,10.427669916461264,8389,2195428541.0361233,6937616678.646656,322659772.35251117
2023-01-19,600000.SH,10.281973503908477,3690,1428228714.2167442,6493197692.131627,879663192.3839632
2023-01-20,600000.SH,10.102960827567976,8323,2760232186.037595,14047882484.220013,248165585.43280187
2023-01-21,600000.SH,10.447474650361615,4255,3918847625.989689,12854008207.289177,473612445.58124894
2023-01-22,600000.SH,10.384621950778993,9281,4760883222.28514,8803761754.945538,112897815.28030112
2023-01-23,600000.SH,10.720040425252272,6213,3415187967.7163844,12064250881.587717,530501933.5035003
2023-01-24,600000.SH,10.933818132585632,5108,4452542150.942956,12383484727.736124,118918996.05359544
2023-01-25,600000.SH,11.02301114376555,4020,4289978597.160908,7925134706.579237,837648597.7592199
2023-01-26,600000.SH,11.122776325083446,2857,1693372211.9011235,14781395928.22476,842368390.7383932
2023-01-27,600000.SH,10.811245254466828,9996,2943269715.650526,16713790345.791357,808967969.4721329
2023-01-28,600000.SH,10.855955111611394,3789,1467694142.1015658,16871953113.342785,355027662.0020064
2023-01-29,600000.SH,11.163617311522705,4875,3728612646.24654,14037047460.551826,853513496.3996363
2023-01-30,600000.SH,11.315741580978447,8605,4799598672.984304,12674578737.78521,588698319.3447423
2023-01-31,600000.SH,11.35067026232415,9135,1548357832.315026,5915107145.080923,436427297.9803022
2023-02-01,600000.SH,11.73930295471469,7055,3935532523.210165,9317469482.774088,662796963.7338097
2023-02-02,600000.SH,11.695857972669199,4882,3528952603.4714437,6399071701.672548,111106941.45433661
2023-02-03,600000.SH,11.550933269044902,8175,3334420148.032399,19457347413.177105,228664789.84067693
2023-02-04,600000.SH,11.58647131299029,8129,2560480938.753357,7026202193.386411,768064184.3532366
2023-02-05,600000.SH,11.764084356449654,6021,2420526591.01525,7276631147.766531,319745447.84453773
2023-02-06,600000.SH,11.359918863447662,5735,1180996756.0755515,18343649274.957382,638208205.5958747
2023-02-07,600000.SH,11.424640556983494,3387,1871634833.0080538,19158924252.146866,446592342.5407267
2023-02-08,600000.SH,11.609798567576403,7582,1060707529.1473076,16487435588.523647,869325200.9193354
2023-02-09,600000.SH,11.547188868473794,6866,3325668422.328082,5081073855.090048,957173775.3969792
2023-02-10,600000.SH,11.802835493018646,3566,1423412943.5116353,5020194064.348455,895208255.5331714
2023-02-11,600000.SH,11.95419190695376,1975,4492077576.118864,10671511546.811762,343557995.22423697
2023-02-12,600000.SH,12.46616200185361,8212,3092572082.788661,7150930550.163387,274746582.141474
2023-02-13,600000.SH,12.279019255447444,2262,3798759636.2348337,5275792132.273959,526991404.2586615
2023-02-14,600000.SH,12.483025300446073,6047,2643428367.361986,11961000341.06757,106600735.75256225
2023-02-15,600000.SH,12.2290396988504,8382,3242319236.0041947,19145928461.104572,123228453.57686356
2023-02-16,600000.SH,11.833952089633314,7231,4770636707.866522,9857293623.536472,597961575.6607001
2023-02-17,600000.SH,11.352184600215763,4327,1330936158.494683,14917110176.430447,568404463.7487574
2023-02-18,600000.SH,11.474407673755376,6630,2015751087.6947846,14783530296.98661,995123790.131734
2023-02-19,600000.SH,11.51669038730805,3259,4119953307.642177,8766201554.977516,281657651.8273823
2023-02-20,600000.SH,11.406348733161092,2257,1394948827.5306635,14756378732.357965,332293536.2444216
2023-02-21,600000.SH,11.001764554905053,1464,1302644415.6164434,8185009614.3033695,202186578.09365803
2023-02-22,600000.SH,10.849855132652394,4294,2446165595.0161543,6830111203.653336,925788708.6883702
2023-02-23,600000.SH,10.850743303459103,7774,1368671833.8897293,15520749283.395351,800030120.0126057
2023-02-24,600000.SH,11.022872847363885,8431,3340313768.8248124,6701612256.558751,840105200.3111627
2023-02-25,600000.SH,11.019227417915578,2230,1905101003.2663994,19953638278.840332,912487409.1680579
2023-02-26,600000.SH,11.07477762270172,4805,4582791852.797489,7751786017.25344,572409988.0532544
2023-02-27,600000.SH,10.991465973182004,7419,4134000323.3810267,13912127941.346863,506073872.3056513
2023-02-28,600000.SH,11.375996739212876,6750,3798820824.397905,11170618571.18884,397352326.29905486
2023-03-01,600000.SH,11.144324646541225,4856,3467776109.5380077,6895796336.085007,630293152.91307
2023-03-02,600000.SH,10.988473892567344,4135,4453862921.365853,5417658613.661201,508850557.11084026
2023-03-03,600000.SH,10.880268615729893,7953,1892248246.1710277,14340984234.3925,506409027.9450176
2023-03-04,600000.SH,10.998364008308387,7034,4492435371.0569105,17101363456.836891,943235077.358025
2023-03-05,600000.SH,10.769848845874971,5589,4157969193.6962094,17630234922.60116,985628362.8512172
2023-03-06,600000.SH,10.799082219990515,2546,3992643305.550742,12240702096.154016,816835950.3966227
2023-03-07,600000.SH,10.834699783945991,7065,3245022712.299696,16661832007.735783,781082281.2222354
2023-03-08,600000.SH,10.684236580836268,2094,1984976643.8824005,15092707002.32817,712502345.6011913
2023-03-09,600000.SH,10.754748153389865,3411,2694191663.9675856,15863817912.486998,249467367.10016233
2023-03-10,600000.SH,10.537972460061727,3617,4174282618.155206,12388985078.327211,153195238.78808907
2023-03-11,600000.SH,10.302538529079548,9954,1127113937.4292977,14501176103.631907,721653683.6019368
2023-03-12,600000.SH,10.323062371965152,5145,4128203077.055033,17082888703.640854,755907600.0309184
2023-03-13,600000.SH,9.980387163343,3775,1960282961.950266,10968262633.355347,142275691.9883258
2023-03-14,600000.SH,9.552267936134285,7628,1577236802.8864121,17089683513.013756,935246575.2059633
2023-03-15,600000.SH,9.654063265224403,4155,1462805272.7212086,13880252641.835943,182026575.5002098
2023-03-16,600000.SH,9.856599709006282,4970,1109000047.8032603,7488515365.561794,357310480.3940822
2023-03-17,600000.SH,9.764577879328924,8972,3094345940.885812,5370262358.368769,705150831.518834
2023-03-18,600000.SH,9.63410932110287,9775,1873039490.774918,10441304005.987282,252885334.9640287
2023-03-19,600000.SH,9.827858046968045,6415,4957727063.118526,13200444924.445099,149874299.59802
2023-03-20,600000.SH,9.602694307090642,5331,3297747023.488823,17597305283.052326,398031840.2477348
2023-03-21,600000.SH,9.34085329625358,2942,1551541077.4240417,6912285202.103693,789374417.3696612
2023-03-22,600000.SH,9.473051856672512,7026,3755050163.2454615,17003095215.253687,472310811.0867343
2023-03-23,600000.SH,9.474764240862939,9301,4590974266.038901,17945135691.008404,687675629.7171454
2023-03-24,600000.SH,9.676553361870017,1191,3980717981.4784575,7260312305.0125065,621657187.5053229
2023-03-25,600000.SH,9.26234542217832,1861,1305759444.1577907,17773914789.563286,119996633.82302237
2023-03-26,600000.SH,9.002874895586295,7711,4583536724.7706375,19871803517.64188,989685988.341136
2023-03-27,600000.SH,9.005455490421756,1649,4175717543.439859,15902582465.723562,137285279.93744898
2023-03-28,600000.SH,9.080682328446068,5134,1633215600.4224572,16771545227.374819,971022463.8836365
2023-03-29,600000.SH,9.234508558174607,8587,1207143554.9312675,19916229013.383102,594877760.5279584
2023-03-30,600000.SH,9.266795681818321,9828,3229242301.257234,14082218757.889181,966843124.3585598
2023-03-31,600000.SH,9.29731219547164,2036,1624143245.3599076,9618295730.24374,203278239.47245193
2023-04-01,600000.SH,9.224904441172637,5131,4338363810.381088,17562962511.140835,541367667.2669618
2023-04-02,600000.SH,9.518423355627379,3148,2433338626.686695,14217286662.674469,252553682.67945278
2023-04-03,600000.SH,9.308442471220275,6457,4651569778.946301,13717931355.814348,145877389.32019818
2023-04-04,600000.SH,9.375280839941787,7079,3262752688.564023,8804533332.710575,655776203.5560805
2023-04-05,600000.SH,9.19006113513302,3430,1730689536.9586725,16345014043.7433,287005078.86552227
2023-04-06,600000.SH,9.288354085727132,2879,1558395469.4392004,6225009137.9014435,628927316.4587914
2023-04-07,600000.SH,9.095710358175259,8542,3305889750.2310157,18864306061.919918,201128033.75408706
2023-04-08,600000.SH,9.23102100124374,3011,4047534447.4497757,9887351911.55727,398787824.28943247
2023-04-09,600000.SH,9.251717863613347,4373,4126022590.9687285,6916619791.849857,803469302.2479224
2023-04-10,600000.SH,9.574536051709288,8357,2103029617.765125,11635497996.536282,493346369.6579689
2023-04-11,600000.SH,9.52072339682848,2289,1816987035.64867,5637048638.847998,664970873.4076028
2023-04-12,600000.SH,9.601643093744826,2447,1067025217.9695296,15269392913.974495,682712146.6709914
2023-04-13,600000.SH,9.451923466929218,4199,3716796604.8046775,18540582656.680344,859379539.5885643
2023-04-14,600000.SH,9.397500613658273,7381,1306273033.734156,17558945107.07763,392430514.96597713
2023-04-15,600000.SH,9.41737622961772,8522,2683044807.0637035,6910542101.718216,718566006.3242658
2023-04-16,600000.SH,9.12972813771211,7059,3406728656.0731845,6894067056.615978,965454226.3415492
2023-04-17,600000.SH,8.870877715299693,4183,4748435779.678708,17201517234.86396,757219000.9220812
2023-04-18,600000.SH,8.97730328520424,6462,2247208547.8230743,18863814119.046738,540883429.0459701
2023-04-19,600000.SH,8.951073971147013,4216,1999088649.7860792,11910047447.502338,667645700.0427363
2023-04-20,600000.SH,8.84492738601164,4136,3616640617.1443934,12484566753.70649,765714607.9867973
2023-04-21,600000.SH,8.714555601006035,4318,3476956128.214327,9773930620.785889,651048189.1244851
2023-04-22,600000.SH,8.592815212065757,3782,2328439133.232498,18413976773.84621,115008232.14085524
2023-04-23,600000.SH,8.61215776198679,8657,4712407342.039146,14673543579.38534,275296147.9185033
2023-04-24,600000.SH,8.688812143417005,5920,4379449309.95853,9323773657.510529,829421395.4939194
2023-04-25,600000.SH,8.325253609375041,7324,1895930183.4603248,9481743065.813774,345385582.58123624
2023-04-26,600000.SH,8.560497645986473,7327,1956570181.7380927,18368001095.954033,758405907.6050205
2023-04-27,600000.SH,8.790210170442137,9417,3049201387.5483227,5204510358.587322,434908193.7175288
2023-04-28,600000.SH,8.380471266315748,1776,4094288406.922881,9840898590.899576,569695895.3421488
2023-04-29,600000.SH,8.562482815832915,6208,1176161517.5538576,13315350218.245537,161175969.83746332
2023-04-30,600000.SH,8.743188681462215,1687,3773340614.9388266,7223261931.48987,263103004.9447386
2023-05-01,600000.SH,8.743266582256977,1529,3592943589.528388,6381481312.993847,961477267.1673111
2023-05-02,600000.SH,8.516436760991411,6067,1925920383.651953,17229144966.3584,901124248.1022226
2023-05-03,600000.SH,8.689359277804362,9080,3725412052.965395,18416065829.727608,687047599.8091452
2023-05-04,600000.SH,8.647436409723852,6518,4760732765.00833,17354096311.97284,513680137.6471636
2023-05-05,600000.SH,8.742364307695196,3153,1187143379.887074,18481818346.060215,708185163.6057014
2023-05-06,600000.SH,9.130385627527003,7094,2278608221.16825,13296679565.875572,656749260.1845452
2023-05-07,600000.SH,9.176372960494545,7974,2752706866.665421,17183871814.85513,611697030.0441508
2023-05-08,600000.SH,9.008099442634993,5774,4597041435.698758,10760639575.866507,153259364.67718762
2023-05-09,600000.SH,8.94761347887076,8692,4849045786.436626,14994017922.185577,669522349.5953562
2023-05-10,600000.SH,8.806340439948276,4103,2776460985.985329,19832532970.837467,792028040.1140516
2023-05-11,600000.SH,8.88268960052965,3440,4000113648.5687647,8385915857.586911,994673489.181018
2023-05-12,600000.SH,8.739488642101026,5135,3126644095.057932,10848496194.366209,109970697.33487871
2023-05-13,600000.SH,8.656839049400505,8124,3151131738.965506,12200710659.651283,757156107.979609
2023-05-14,600000.SH,8.434456908972349,6201,2112398060.2654257,7070232305.300776,614610384.3423824
2023-05-15,600000.SH,8.41217526584662,1844,1867824983.455518,6215579156.975852,490646958.47286105
2023-05-16,600000.SH,8.441913111853328,1446,2152021383.6961646,17445842994.824364,214813157.1142338
2023-05-17,600000.SH,7.988618163503163,4915,3225312029.0283175,19651915592.413795,468176633.7713886
2023-05-18,600000.SH,8.030090844863285,4109,1116620744.088356,11070875957.444881,418939464.68752176
2023-05-19,600000.SH,8.022751304716516,2234,4628995777.425623,6314747542.919799,372546900.08086795
2023-05-20,600000.SH,7.9000045016169,7587,1625134838.1991048,5987176410.358647,757791660.9899869
2023-05-21,600000.SH,8.220528054293744,1226,1880354707.485546,18369773095.40448,730652969.1558374
2023-05-22,600000.SH,8.378111717984883,5143,3073104705.7905855,11957213745.9152,630118081.8828204
2023-05-23,600000.SH,8.194396067647826,8185,3840459065.3491173,9800409748.435879,944798331.964035
2023-05-24,600000.SH,8.331772967442129,6558,1382916218.9775891,12146919068.590992,414868945.76276904
2023-05-25,600000.SH,8.53915047599865,1186,2270778790.1886487,9774561420.38521,319421743.9391616
2023-05-26,600000.SH,8.56169740648288,3535,4874698422.297428,12335536629.6143,690312981.7885596
2023-05-27,600000.SH,8.623588553489395,2932,2049371867.1237829,17893345953.76905,278932654.8436626
2023-05-28,600000.SH,8.681943802368922,3032,2252200580.2525873,13884520565.931435,383509456.46508217
2023-05-29,600000.SH,8.319765080983684,2252,4345993962.472134,15419806592.15263,302142196.06739634
2023-05-30,600000.SH,8.288670858052216,6509,1200857726.761821,10470060143.515049,162238210.9466511
2023-05-31,600000.SH,8.249065459832867,6074,2858452675.2358837,16077588177.657782,844748867.4721061
2023-06-01,600000.SH,8.485014409107494,2881,2518467057.8066807,14999256273.190584,329086488.629495
2023-06-02,600000.SH,8.541648123728358,1269,2266347039.6346045,6793429966.280847,525724753.0087186
2023-06-03,600000.SH,8.490806361405056,2630,2142798376.179058,13589642796.733768,138983745.92888075
2023-06-04,600000.SH,8.475501726922527,5405,1365496419.4416368,8851152444.64637,729405519.6273788
2023-06-05,600000.SH,8.648975852210338,7139,2259303317.406595,17061435044.503893,397504902.0756617
2023-06-06,600000.SH,8.617046486308396,2574,1172209610.8626742,11389065627.004093,770263055.046289
2023-06-07,600000.SH,8.496718819004732,2695,4123855454.577741,19920262477.947308,471162754.4210795
2023-06-08,600000.SH,8.4498675387841,4258,2592911175.8320465,6387506569.084456,276180045.76506215
2023-06-09,600000.SH,8.608842694975033,4262,2775615329.2796464,16705217941.102379,561857574.0538323
2023-06-10,600000.SH,8.69427080743623,2445,4574378345.800526,15105526003.132347,217454103.6736958
2023-06-11,600000.SH,8.701968362404099,7263,3632219935.444883,16512482458.860582,496485243.8856953
2023-06-12,600000.SH,8.735303740882618,9411,1032236413.3684791,9612946932.356846,385574929.6784379
2023-06-13,600000.SH,8.637513330412029,1052,4772699291.84514,12380817340.736008,920763625.7796699
2023-06-14,600000.SH,8.604008519777052,6570,1948577863.9108448,16947627795.855625,154835849.54864794
2023-06-15,600000.SH,8.489866999061995,8579,1430456739.0394354,8488119974.312824,724615672.6951678
2023-06-16,600000.SH,8.439814260706324,2666,4072512713.523529,8390497951.829781,264476049.38869232
2023-06-17,600000.SH,8.667044150842502,7901,3001909263.4668727,13265764299.423985,387140566.89901584
2023-06-18,600000.SH,8.480204899279409,3785,2735082264.07207,12853453692.947838,473962656.7558594
2023-06-19,600000.SH,8.363395560699011,1719,1998012318.730967,9233937056.193993,917213580.4374768
2023-06-20,600000.SH,8.153591609857676,9597,3189885959.4492745,9471134757.872341,318320439.46644264
2023-06-21,600000.SH,7.913727823828257,7855,2097538420.8103497,9167677448.098482,182177922.2902032
2023-06-22,600000.SH,7.884166581946718,3294,4606332021.14827,16572680929.977314,386820643.59147125
2023-06-23,600000.SH,7.7867799085095735,9263,1860817918.9327712,14778512983.436909,194208373.48198003
2023-06-24,600000.SH,8.061137587936301,5482,4537420601.823014,17486257751.153793,215736837.36449724
2023-06-25,600000.SH,8.015536289436065,1698,3237621702.9094276,19632095424.710327,616465538.1775241
2023-06-26,600000.SH,8.222240436442235,8243,4313952535.580964,12112464444.079796,154811739.789544
2023-06-27,600000.SH,8.38142407606213,6918,3851383983.44382,6000408221.081733,127837793.25420943
2023-06-28,600000.SH,8.346397408314374,1348,3786780445.746994,5721384656.1805315,742972691.323448
2023-06-29,600000.SH,8.698638011384602,6374,2297383230.780223,9434975589.074287,425482385.3569401
2023-06-30,600000.SH,8.745355610224832,8869,1935587725.888814,18988168840.286766,212837814.31048596
2023-07-01,600000.SH,9.009991691680234,1307,1843544910.7231526,12848195824.563124,328251493.77373743
2023-07-02,600000.SH,9.261658219475706,4416,4428766628.238355,9076797741.201937,677877856.6171591
2023-07-03,600000.SH,9.338464777864402,5820,4281707281.03608,10987501917.665295,347982910.42676604
2023-07-04,600000.SH,9.478752957180449,4558,2762294112.049229,13978926611.070063,545069012.6083672
2023-07-05,600000.SH,9.59706133261156,5478,1529618453.9858184,14794244872.067633,209525776.05400506
2023-07-06,600000.SH,9.377430389859397,7531,2529009007.9098334,7308792646.743576,629284273.8449023
2023-07-07,600000.SH,9.388175116077269,5620,3477373816.5476456,19655475148.17764,384469915.45893764
2023-07-08,600000.SH,9.58987953908195,3985,2817612617.9198112,13171583404.741833,664271591.0758449
2023-07-09,600000.SH,9.882598397835821,9112,4120757073.9319797,7035324766.88419,827555394.0736206
2023-07-10,600000.SH,9.740162548510552,9467,4990491289.005542,18404528800.192005,650481777.4509932
2023-07-11,600000.SH,9.843180605318537,3547,1764528353.7955875,6119576466.191432,366172806.3355186
2023-07-12,600000.SH,9.87288146046361,1336,2838603278.6382895,18616031497.66269,330169331.39347035
2023-07-13,600000.SH,9.849606327126068,3979,2723935607.683288,19948484844.334736,394678862.8601032
2023-07-14,600000.SH,9.919736042111836,4968,2217970130.9958034,15506476987.347559,248158461.91285434
2023-07-15,600000.SH,9.962985577545274,1910,1792382066.8811584,16556708316.109846,263054665.76501808
2023-07-16,600000.SH,10.070866293550303,2996,1262768465.958637,10059542547.012295,811621991.7101511
2023-07-17,600000.SH,10.361253028204269,4129,4548477268.8947935,19123652791.009007,446259318.8567005
2023-07-18,600000.SH,10.523743915711176,6447,2679394790.7452707,12945709491.625515,492395662.5135273
2023-07-19,600000.SH,10.589115573127872,7129,2987582074.0001955,15985826698.963324,634644519.01013
2023-07-20,600000.SH,10.984010177672864,6850,4667768192.803663,18861615738.669193,630688145.6363928
2023-07-21,600000.SH,11.227839737225862,5204,4105161910.0637913,19627699639.632626,160639184.36973315
2023-07-22,600000.SH,11.207091040013697,8446,1522005056.468737,17498065348.950115,848386707.703899
2023-07-23,600000.SH,10.934283456897154,9519,3261679870.4309697,9545262604.73045,259593897.90154546
2023-07-24,600000.SH,10.718259043445071,1314,2769009106.0782366,19498212748.281235,750764472.4447019
2023-07-25,600000.SH,10.918311586020979,2134,4188844290.315051,14421792968.653576,795403889.3153499
2023-07-26,600000.SH,10.78067262512015,5876,3896930190.447797,18959637145.279396,743409580.6821823
2023-07-27,600000.SH,10.563322303386087,9102,3761622887.644288,15141575387.215277,621079881.8987308
2023-07-28,600000.SH,10.403164310600793,9347,2362179341.9195876,9608584427.715807,113148097.39799458
2023-07-29,600000.SH,10.260144871736617,6592,4219854921.5970182,10550367862.142239,424337943.1268536
2023-07-30,600000.SH,10.434700237861636,2724,1209565182.3794448,13257076656.544107,644355486.426323
2023-07-31,600000.SH,10.401989106352671,4343,1638499605.728669,16850222623.39823,448706166.33028483
2023-08-01,600000.SH,10.11648059350968,1886,2342493091.911647,9769738270.105024,877131905.4215318
2023-08-02,600000.SH,10.122761895624489,1721,1307229764.2771251,13695967492.01288,377922047.8146538
2023-08-03,600000.SH,10.167760838349187,8678,1939977110.1387663,10184374903.646023,364181313.2127944
2023-08-04,600000.SH,10.070285186986478,4357,4320603931.9916725,17236541069.526608,339397923.7833922
2023-08-05,600000.SH,10.303087035810565,1870,4793006151.160317,12000921406.519257,399502782.064716
2023-08-06,600000.SH,10.21634763628967,7751,2218409423.0967617,6150842402.793279,601664467.8827684
2023-08-07,600000.SH,10.442810898391395,1497,2058063215.9553528,7490787822.223045,736313764.8453317
2023-08-08,600000.SH,10.567452692702638,2756,2119570608.9857075,5916570014.294484,696311125.9649066
2023-08-09,600000.SH,10.763289890123778,2117,2110876349.4033754,12489544190.214878,826946037.9833317
2023-08-10,600000.SH,10.526809466951008,3828,1143720728.743892,6595059460.223408,897322595.9476824
2023-08-11,600000.SH,10.547507320198006,2647,4707665385.324432,6712099539.644482,834471138.1090162
2023-08-12,600000.SH,10.53636324489873,7992,1854792566.2813137,19115723900.575653,117050863.03691912
2023-08-13,600000.SH,10.236707699237893,7771,2680016296.3256197,18089826082.64083,762326158.1967899
2023-08-14,600000.SH,10.462951372855871,1142,1038747530.963871,11781298952.17049,287559616.25649846
2023-08-15,600000.SH,10.291902856126462,3761,4431820363.660229,19787079812.753086,219635238.4371844
2023-08-16,600000.SH,10.166430598554467,4435,3924629377.819669,5002797922.559947,674639906.319222
2023-08-17,600000.SH,9.960394496214056,7622,4787024140.694813,14209691844.100906,387768875.8669254
2023-08-18,600000.SH,10.100076344674294,8069,4126461916.7855964,14246422660.57805,151405447.03339893
2023-08-19,600000.SH,9.791836211550082,5512,2254826048.208261,11861645838.048323,223866760.9585252
2023-08-20,600000.SH,9.912838788457947,2848,1991493434.9136946,10954219594.014393,100836475.18296495
2023-08-21,600000.SH,10.119920763616365,3696,3790865230.213172,11830747032.209114,912901264.6102365
2023-08-22,600000.SH,10.228644826086299,2717,2456451100.041998,11224406541.195206,122156185.45711473
2023-08-23,600000.SH,10.37442929917065,4072,3264860063.010466,15957387162.234491,288510192.55855995
2023-08-24,600000.SH,10.532026522132092,3786,1025029884.105881,7030331524.59926,474636502.6191166
2023-08-25,600000.SH,10.33203927833543,4791,1247542806.721901,7964588308.866953,420914193.35573715
2023-08-26,600000.SH,10.628514041613306,4871,3141471764.726605,7707773425.886354,920553289.2214981
2023-08-27,600000.SH,10.530715503067892,2806,3264286585.79266,8937058776.818968,136260051.1610879
2023-08-28,600000.SH,10.51673332079256,2504,4005811777.8373747,12878876281.72375,560993236.9093463
2023-08-29,600000.SH,10.44676816139975,4308,1527861278.495847,6668131210.07328,712431516.2719365
2023-08-30,600000.SH,10.549468692967107,8117,3052732335.027115,18022539429.89756,938528176.3130519
2023-08-31,600000.SH,10.435948551924536,6048,1777790577.7267544,9460422969.627085,658334126.9113489
2023-09-01,600000.SH,10.449915133033656,9263,1372784478.2507787,7438069812.030618,823379712.4105865
2023-09-02,600000.SH,10.191730372047784,2690,2641983176.242218,15134319643.97365,175352444.06081355
2023-09-03,600000.SH,10.42912944762284,4303,1653346592.3562288,5571294508.989789,447345559.8432346
2023-09-04,600000.SH,10.569034330645552,4113,1887127912.7692742,14299528473.112463,436552421.0311607
2023-09-05,600000.SH,10.50725626150543,8850,2270218319.4780073,15472976460.147497,897659394.8101459
2023-09-06,600000.SH,10.408666879839073,7416,2037553602.972785,8223747970.800787,236234054.13694742
2023-09-07,600000.SH,10.542861293384188,2504,1350365189.6237855,5629461101.654514,236697555.10296723
2023-09-08,600000.SH,10.393723373268715,9924,1359664979.4388092,10454680383.791744,395702334.8972186
2023-09-09,600000.SH,10.419783621522027,4924,1772997660.9366727,6478913453.629047,149019442.63015383
2023-09-10,600000.SH,10.661814102788693,9615,1202236751.8381557,6747167745.100056,264212236.58724105
2023-09-11,600000.SH,10.488824650912601,5485,3505828078.7077084,8813918471.672968,968688674.6911616
2023-09-12,600000.SH,10.566148440169057,9100,2149306866.035608,9432018869.40139,485365545.88045555
2023-09-13,600000.SH,10.632868440904106,9684,2118983871.0762842,12949555115.321308,668817287.5801928
2023-09-14,600000.SH,10.612169049158178,1191,2327993176.951061,15175878282.545197,753500133.4101733
2023-09-15,600000.SH,10.505243044523855,9690,3651185096.8388867,13891564113.052773,430265266.3064804
2023-09-16,600000.SH,10.760477811172812,5917,4482535525.933962,7225405059.342752,232504366.96946526
2023-09-17,600000.SH,10.63187533025635,6831,4036347730.2225537,7581290486.789396,285922914.5996027
2023-09-18,600000.SH,10.246567896448653,5322,3910116920.9003797,18181538746.893715,381939828.9225493
2023-09-19,600000.SH,10.377833315180723,7999,2937564742.403397,13375284725.961704,672461578.3170031
2023-09-20,600000.SH,10.128494796683544,8282,3775222227.869647,18049067493.465336,458452494.18014896
2023-09-21,600000.SH,10.26864908819531,2874,3211049472.1343327,10573197669.798115,106133228.1101153
2023-09-22,600000.SH,10.54280214857124,5763,1865002112.7461157,14216000111.469858,571066466.5607247
2023-09-23,600000.SH,10.675588715992122,9464,1834353470.964203,12854951240.81916,929362052.7166761
2023-09-24,600000.SH,10.904347644084453,2051,2185568027.501134,9786852347.306938,830869849.9078112
2023-09-25,600000.SH,11.344893998486116,8538,4643210683.879253,12048730580.50393,842690234.133668
2023-09-26,600000.SH,11.564249897890635,8411,3189659361.5189037,12537363152.40398,815552215.845518
2023-09-27,600000.SH,11.640706564328916,7320,3935621508.0074778,8011564621.35018,391357743.0493813
2023-09-28,600000.SH,12.021112791243256,3105,2386235039.2661905,9725155585.650974,788674450.3789527
2023-09-29,600000.SH,12.44299988620158,1307,2630863082.660901,16871146257.604633,228845222.0300737
2023-09-30,600000.SH,12.88317642815785,8737,1502262314.5490055,18736823591.811905,691944532.5483582
2023-10-01,600000.SH,12.756368993472973,4359,1685179831.2866817,10396911403.179493,677411710.016495
2023-10-02,600000.SH,12.41092183737413,4176,4309426219.304583,9604584233.135273,123012819.1807612
2023-10-03,600000.SH,12.273609338380995,2251,3339354526.7555285,7927957468.578238,809173120.2318385
2023-10-04,600000.SH,12.446333784510447,6366,2350129863.5352755,15177367529.758718,912923294.5856175
2023-10-05,600000.SH,12.485952691678326,2517,4211404835.982184,9846495524.99506,340673750.6248969
2023-10-06,600000.SH,12.43439045542534,7226,1986079622.5519319,19816243086.487827,831151651.7675358
2023-10-07,600000.SH,12.573775346540213,6305,4904130794.400815,9885272030.959297,174165374.67575338
2023-10-08,600000.SH,12.203903893030025,6869,2379270430.984679,10912040701.739422,639971072.4349594
2023-10-09,600000.SH,12.238360224107588,9039,2349243816.6049104,14050012943.180521,537082178.8008494
2023-10-10,600000.SH,12.512121975168695,5891,2247647622.146821,17025264397.869574,591331179.9781001
2023-10-11,600000.SH,12.649584062120313,5992,1488446063.6971517,12042779980.184505,933584681.6959106
2023-10-12,600000.SH,12.82460619204604,2961,1444548589.3280497,11339840506.834375,884183722.5221682
2023-10-13,600000.SH,13.234319731506655,3863,3592420138.1364937,19934567503.922127,806575291.5157813
2023-10-14,600000.SH,13.216812503904452,7603,4500472178.232187,5157404617.099167,346328611.9105339
2023-10-15,600000.SH,13.044176703185835,5567,4162082041.086694,18425979332.768684,920636765.8174825
2023-10-16,600000.SH,13.354501591338243,7513,1564430376.0854044,7237112389.096062,187756923.21748772
2023-10-17,600000.SH,13.667296237954076,5005,3182328487.168266,16788879143.133701,867996294.902909
2023-10-18,600000.SH,13.819902992075495,1183,1422366183.90656,14268973397.69447,395344065.118247
2023-10-19,600000.SH,13.775576758659664,8755,1181178574.4523098,10127709282.471382,148395080.49578503
2023-10-20,600000.SH,13.775956868426878,4358,3625543437.5390687,18108124332.815277,702421285.8166735
2023-10-21,600000.SH,13.424181486040238,7615,3140609334.721401,5193608419.71488,308151935.4843599
2023-10-22,600000.SH,13.722989410155444,7797,1328094740.8458834,8400359781.123856,319214013.27816874
2023-10-23,600000.SH,14.018761360325618,9728,1139756985.6239538,13503391943.74304,375442449.6058943
2023-10-24,600000.SH,13.65099801114063,8678,4959025653.637339,10273133900.74547,157316290.75226504
2023-10-25,600000.SH,13.887878888176717,6698,1120085328.5962875,14155662429.774914,259414429.77842864
2023-10-26,600000.SH,14.000121185042254,2273,2778113012.200639,5361652901.130002,104625664.82700427
2023-10-27,600000.SH,13.713965957173315,7653,3018476098.4307823,6746883957.225688,500868568.99520814
